ButtonText_GlassesOutside	City[0]/CosmeticsRoomAnchor[0]/outerstores[0]/Bottom Floor[0]/OutsideBuildings[0]/-- SunglassesAnchor UI --[0]/ButtonText_GlassesOutside[0]	MiddleCenter	-29.506503052655585	15.18843860852213	-106.25950254428312	0.10784263544058041	0.8552110168496708	-0.19354396417602274	0.46853475492348734	0.0014950566481296977	0.0014538513142795773	-0.0003376789075344293	51.538185119628906	47.84814453125	0.19607843458652496	0.19607843458652496	0.19607843458652496	1.0	1.0	0.0	253446	ADD TO CART
ButtonText_GlassesOutside	City[0]/CosmeticsRoomAnchor[0]/outerstores[0]/Bottom Floor[0]/OutsideBuildings[0]/-- SunglassesAnchor UI --[0]/ButtonText_GlassesOutside[1]	MiddleCenter	-29.370014958268925	15.198440056190076	-106.00224383038987	0.10960400218833484	0.8484031888266399	-0.19255560128280386	0.480750800631373	0.0014951178987980282	0.0014538408441750871	-0.00033760693441885187	51.538185119628906	47.84814453125	0.19607843458652496	0.19607843458652496	0.19607843458652496	1.0	1.0	0.0	253417	ADD TO CART
ButtonText_GlassesOutside	City[0]/CosmeticsRoomAnchor[0]/outerstores[0]/Bottom Floor[0]/OutsideBuildings[0]/-- SunglassesAnchor UI --[0]/ButtonText_GlassesOutside[2]	MiddleCenter	-29.672413386385603	15.189438728369224	-106.52163988514502	0.10784263544058041	0.8552110168496708	-0.19354396417602274	0.46853475492348734	0.0014950566481296977	0.0014538513142795773	-0.0003376789075344293	51.538185119628906	47.84814453125	0.19607843458652496	0.19607843458652496	0.19607843458652496	1.0	1.0	0.0	253423	ADD TO CART
ButtonText_GlassesOutside	City[0]/CosmeticsRoomAnchor[0]/outerstores[0]/Bottom Floor[0]/OutsideBuildings[0]/-- SunglassesAnchor UI --[0]/ButtonText_GlassesOutside[3]	MiddleCenter	-29.8612662275928	15.190437412628192	-106.82133877455291	0.10784263544058041	0.8552110168496708	-0.19354396417602274	0.46853475492348734	0.0014950566481296977	0.0014538513142795773	-0.0003376789075344293	51.538185119628906	47.84814453125	0.19607843458652496	0.19607843458652496	0.19607843458652496	1.0	1.0	0.0	253434	ADD TO CART
SlotPrice_GlassesOutside	City[0]/CosmeticsRoomAnchor[0]/outerstores[0]/Bottom Floor[0]/OutsideBuildings[0]/-- SunglassesAnchor UI --[0]/SlotPrice_GlassesOutside[0]	MiddleCenter	-29.553237263478223	15.18843752250279	-106.33411337992011	0.10784263544058041	0.8552110168496708	-0.19354396417602274	0.46853475492348734	0.0014950566481296977	0.0014538513142795773	-0.0003376789075344293	51.538185119628906	47.84814453125	0.19607843458652496	0.19607843458652496	0.19607843458652496	1.0	1.0	0.0	262171	ADD TO CART
SlotPrice_GlassesOutside	City[0]/CosmeticsRoomAnchor[0]/outerstores[0]/Bottom Floor[0]/OutsideBuildings[0]/-- SunglassesAnchor UI --[0]/SlotPrice_GlassesOutside[1]	MiddleCenter	-29.415896921915845	15.198437986400503	-106.0773731773275	0.10960400218833484	0.8484031888266399	-0.19255560128280386	0.480750800631373	0.0014951178987980282	0.0014538408441750871	-0.00033760693441885187	51.538185119628906	47.84814453125	0.19607843458652496	0.19607843458652496	0.19607843458652496	1.0	1.0	0.0	262154	ADD TO CART
SlotPrice_GlassesOutside	City[0]/CosmeticsRoomAnchor[0]/outerstores[0]/Bottom Floor[0]/OutsideBuildings[0]/-- SunglassesAnchor UI --[0]/SlotPrice_GlassesOutside[2]	MiddleCenter	-29.718794724255552	15.189437147941193	-106.59762676136802	0.10784263544058041	0.8552110168496708	-0.19354396417602274	0.46853475492348734	0.0014950566481296977	0.0014538513142795773	-0.0003376789075344293	51.538185119628906	47.84814453125	0.19607843458652496	0.19607843458652496	0.19607843458652496	1.0	1.0	0.0	262183	ADD TO CART
SlotPrice_GlassesOutside	City[0]/CosmeticsRoomAnchor[0]/outerstores[0]/Bottom Floor[0]/OutsideBuildings[0]/-- SunglassesAnchor UI --[0]/SlotPrice_GlassesOutside[3]	MiddleCenter	-29.907653393744475	15.190437712411853	-106.89732828928364	0.10784263544058041	0.8552110168496708	-0.19354396417602274	0.46853475492348734	0.0014950566481296977	0.0014538513142795773	-0.0003376789075344293	51.538185119628906	47.84814453125	0.19607843458652496	0.19607843458652496	0.19607843458652496	1.0	1.0	0.0	262170	ADD TO CART
CheckoutRegisterButtonText	City[0]/CosmeticsRoomAnchor[0]/ShoppingCenterAnchor[0]/CheckoutCounterAnchor[0]/Checkout Counter[0]/-- Purchasing Terminal UI --[0]/CheckoutRegisterButtonText[0]	MiddleCenter	-62.10164222316948	16.445136954842024	-110.15426535709899	0.19683180152535693	-0.25875388927761167	0.05394483527099029	0.944136442173258	0.0012715559608974646	0.001271556017907494	-0.0003560357312311505	55.58732604980469	58.225067138671875	0.19607843458652496	0.19607843458652496	0.19607843458652496	1.0	1.0	0.0	262788	-
CheckoutRegisterButtonText	City[0]/CosmeticsRoomAnchor[0]/ShoppingCenterAnchor[0]/CheckoutCounterAnchor[0]/Checkout Counter[0]/-- Purchasing Terminal UI --[0]/CheckoutRegisterButtonText[1]	MiddleCenter	-62.356133239448404	16.441036236662896	-110.29571257692628	0.19683231737334367	-0.25875329982258705	0.05394442956744974	0.9441365193588288	0.0012715563815126343	0.0012715559319401138	-0.0003560358316022058	55.58732604980469	58.225067138671875	0.19607843458652496	0.19607843458652496	0.19607843458652496	1.0	1.0	0.0	251940	-
CheckoutCartButtonText01	City[0]/CosmeticsRoomAnchor[0]/ShoppingCenterAnchor[0]/CheckoutCounterAnchor[0]/Checkout Counter[0]/-- Checkout Selection Cart UI --[0]/CheckoutCartButtonText01[0]	MiddleCenter	-62.64013580576474	16.6721649350086	-111.33610252300521	0.09234988840304684	-0.7071798403712785	0.09796786421704726	0.6940968729688588	0.0008776158044338806	0.000877615678932306	-0.00016382168364357323	55.58732604980469	58.225067138671875	0.19607843458652496	0.19607843458652496	0.19607843458652496	1.0	1.0	0.0	267470	SELECT
CheckoutCartButtonText02	City[0]/CosmeticsRoomAnchor[0]/ShoppingCenterAnchor[0]/CheckoutCounterAnchor[0]/Checkout Counter[0]/-- Checkout Selection Cart UI --[0]/CheckoutCartButtonText02[0]	MiddleCenter	-62.64328861848865	16.673038397144033	-111.17395089179739	0.09235013994124397	-0.7071799980478336	0.09796790866552335	0.6940966725792614	0.0008776156532553266	0.0008776158967879022	-0.00016382161782806974	55.58732604980469	58.225067138671875	0.19607843458652496	0.19607843458652496	0.19607843458652496	1.0	1.0	0.0	255537	SELECT
CheckoutCartButtonText02	City[0]/CosmeticsRoomAnchor[0]/ShoppingCenterAnchor[0]/CheckoutCounterAnchor[0]/Checkout Counter[0]/-- Checkout Selection Cart UI --[0]/CheckoutCartButtonText02[1]	MiddleCenter	-62.64650820941816	16.67393486706421	-111.00775947895836	0.09234988840304684	-0.7071798403712785	0.09796786421704726	0.6940968729688588	0.0008776158044338806	0.000877615678932306	-0.00016382168364357323	55.58732604980469	58.225067138671875	0.19607843458652496	0.19607843458652496	0.19607843458652496	1.0	1.0	0.0	255533	SELECT
CheckoutCartButtonText03	City[0]/CosmeticsRoomAnchor[0]/ShoppingCenterAnchor[0]/CheckoutCounterAnchor[0]/Checkout Counter[0]/-- Checkout Selection Cart UI --[0]/CheckoutCartButtonText03[0]	MiddleCenter	-62.61851576747211	16.594017024716134	-111.3352457545265	0.09234988840304684	-0.7071798403712785	0.09796786421704726	0.6940968729688588	0.0008776158044338806	0.000877615678932306	-0.00016382168364357323	55.58732604980469	58.225067138671875	0.19607843458652496	0.19607843458652496	0.19607843458652496	1.0	1.0	0.0	255532	SELECT
CheckoutCartButtonText04	City[0]/CosmeticsRoomAnchor[0]/ShoppingCenterAnchor[0]/CheckoutCounterAnchor[0]/Checkout Counter[0]/-- Checkout Selection Cart UI --[0]/CheckoutCartButtonText04[0]	MiddleCenter	-62.62165657737818	16.594886672151546	-111.17312157620619	0.09235013994124397	-0.7071799980478336	0.09796790866552335	0.6940966725792614	0.0008776156532553266	0.0008776158967879022	-0.00016382161782806974	55.58732604980469	58.225067138671875	0.19607843458652496	0.19607843458652496	0.19607843458652496	1.0	1.0	0.0	255541	SELECT
CheckoutCartButtonText05	City[0]/CosmeticsRoomAnchor[0]/ShoppingCenterAnchor[0]/CheckoutCounterAnchor[0]/Checkout Counter[0]/-- Checkout Selection Cart UI --[0]/CheckoutCartButtonText05[0]	MiddleCenter	-62.62489320062073	16.59578314206969	-111.00693540187372	0.09234988840304684	-0.7071798403712785	0.09796786421704726	0.6940968729688588	0.0008776158044338806	0.000877615678932306	-0.00016382168364357323	55.58732604980469	58.225067138671875	0.19607843458652496	0.19607843458652496	0.19607843458652496	1.0	1.0	0.0	255536	SELECT
CheckoutCartButtonText06	City[0]/CosmeticsRoomAnchor[0]/ShoppingCenterAnchor[0]/CheckoutCounterAnchor[0]/Checkout Counter[0]/-- Checkout Selection Cart UI --[0]/CheckoutCartButtonText06[0]	MiddleCenter	-62.59602937568806	16.512752505873245	-111.33438642162209	0.09234988840304684	-0.7071798403712785	0.09796786421704726	0.6940968729688588	0.0008776158044338806	0.000877615678932306	-0.00016382168364357323	55.58732604980469	58.225067138671875	0.19607843458652496	0.19607843458652496	0.19607843458652496	1.0	1.0	0.0	255540	SELECT
CheckoutCartButtonText07	City[0]/CosmeticsRoomAnchor[0]/ShoppingCenterAnchor[0]/CheckoutCounterAnchor[0]/Checkout Counter[0]/-- Checkout Selection Cart UI --[0]/CheckoutCartButtonText07[0]	MiddleCenter	-62.599177543252154	16.51362596800817	-111.1722443350688	0.09235013994124397	-0.7071799980478336	0.09796790866552335	0.6940966725792614	0.0008776156532553266	0.0008776158967879022	-0.00016382161782806974	55.58732604980469	58.225067138671875	0.19607843458652496	0.19607843458652496	0.19607843458652496	1.0	1.0	0.0	255539	SELECT
CheckoutCartButtonText08	City[0]/CosmeticsRoomAnchor[0]/ShoppingCenterAnchor[0]/CheckoutCounterAnchor[0]/Checkout Counter[0]/-- Checkout Selection Cart UI --[0]/CheckoutCartButtonText08[0]	MiddleCenter	-62.602396049188535	16.51452231871841	-111.00606029121862	0.09234988840304684	-0.7071798403712785	0.09796786421704726	0.6940968729688588	0.0008776158044338806	0.000877615678932306	-0.00016382168364357323	55.58732604980469	58.225067138671875	0.19607843458652496	0.19607843458652496	0.19607843458652496	1.0	1.0	0.0	255534	SELECT
CheckoutCartButtonText09	City[0]/CosmeticsRoomAnchor[0]/ShoppingCenterAnchor[0]/CheckoutCounterAnchor[0]/Checkout Counter[0]/-- Checkout Selection Cart UI --[0]/CheckoutCartButtonText09[0]	MiddleCenter	-62.57419779512911	16.433826397136222	-111.33333369149007	0.09234988840304684	-0.7071798403712785	0.09796786421704726	0.6940968729688588	0.0008776158044338806	0.000877615678932306	-0.00016382168364357323	55.58732604980469	58.225067138671875	0.19607843458652496	0.19607843458652496	0.19607843458652496	1.0	1.0	0.0	255538	SELECT
CheckoutCartButtonText10	City[0]/CosmeticsRoomAnchor[0]/ShoppingCenterAnchor[0]/CheckoutCounterAnchor[0]/Checkout Counter[0]/-- Checkout Selection Cart UI --[0]/CheckoutCartButtonText10[0]	MiddleCenter	-62.57736350329982	16.434703673987002	-111.17099535476865	0.09235013994124397	-0.7071799980478336	0.09796790866552335	0.6940966725792614	0.0008776156532553266	0.0008776158967879022	-0.00016382161782806974	55.58732604980469	58.225067138671875	0.19607843458652496	0.19607843458652496	0.19607843458652496	1.0	1.0	0.0	255535	SELECT
CheckoutCartButtonText11	City[0]/CosmeticsRoomAnchor[0]/ShoppingCenterAnchor[0]/CheckoutCounterAnchor[0]/Checkout Counter[0]/-- Checkout Selection Cart UI --[0]/CheckoutCartButtonText11[0]	MiddleCenter	-62.58057338630619	16.435592395262887	-111.0052066423919	0.09234988840304684	-0.7071798403712785	0.09796786421704726	0.6940968729688588	0.0008776158044338806	0.000877615678932306	-0.00016382168364357323	55.58732604980469	58.225067138671875	0.19607843458652496	0.19607843458652496	0.19607843458652496	1.0	1.0	0.0	255531	SELECT
InsideStand1_1_PriceText	City[0]/CosmeticsRoomAnchor[0]/ShoppingCenterAnchor[0]/Stuff[0]/Stand1Anchor[0]/InsideStand1_1_PriceText[0]	MiddleCenter	-67.64347473240501	16.473269274919275	-126.30567688526713	0.17920540183814584	-0.4883511855642931	0.10322790860106616	0.8477868496242602	0.0014951242430411367	0.0014951233276931748	-0.00041531246548659977	51.538185119628906	47.84814453125	0.19607843458652496	0.19607843458652496	0.19607843458652496	1.0	1.0	0.0	253409	ADD TO CART
InsideStand1_1_ButtonText	City[0]/CosmeticsRoomAnchor[0]/ShoppingCenterAnchor[0]/Stuff[0]/Stand1Anchor[0]/InsideStand1_1_ButtonText[0]	MiddleCenter	-67.59919011897799	16.47326927492015	-126.22930041052949	0.17920540183814584	-0.4883511855642931	0.10322790860106616	0.8477868496242602	0.0014951242430411367	0.0014951233276931748	-0.00041531246548659977	51.538185119628906	47.84814453125	0.19607843458652496	0.19607843458652496	0.19607843458652496	1.0	1.0	0.0	262163	ADD TO CART
InsideStand1_2_PriceText	City[0]/CosmeticsRoomAnchor[0]/ShoppingCenterAnchor[0]/Stuff[0]/Stand1Anchor[0]/InsideStand1_2_PriceText[0]	MiddleCenter	-67.18540697844442	16.473273089617113	-125.51588815927366	0.17920540183814584	-0.4883511855642931	0.10322790860106616	0.8477868496242602	0.0014951242430411367	0.0014951233276931748	-0.00041531246548659977	51.538185119628906	47.84814453125	0.19607843458652496	0.19607843458652496	0.19607843458652496	1.0	1.0	0.0	253408	ADD TO CART
InsideStand1_2_ButtonText	City[0]/CosmeticsRoomAnchor[0]/ShoppingCenterAnchor[0]/Stuff[0]/Stand1Anchor[0]/InsideStand1_2_ButtonText[0]	MiddleCenter	-67.14113059795343	16.473273089617404	-125.43954108609024	0.17920540183814584	-0.4883511855642931	0.10322790860106616	0.8477868496242602	0.0014951242430411367	0.0014951233276931748	-0.00041531246548659977	51.538185119628906	47.84814453125	0.19607843458652496	0.19607843458652496	0.19607843458652496	1.0	1.0	0.0	262164	ADD TO CART
InsideStand1_3_PriceText	City[0]/CosmeticsRoomAnchor[0]/ShoppingCenterAnchor[0]/Stuff[0]/Stand1Anchor[0]/InsideStand1_3_PriceText[0]	MiddleCenter	-66.66186370468138	16.473273088929783	-124.63115317444621	0.17920540183814584	-0.4883511855642931	0.10322790860106616	0.8477868496242602	0.0014951242430411367	0.0014951233276931748	-0.00041531246548659977	51.538185119628906	47.84814453125	0.19607843458652496	0.19607843458652496	0.19607843458652496	1.0	1.0	0.0	253445	ADD TO CART
InsideStand1_3_ButtonText	City[0]/CosmeticsRoomAnchor[0]/ShoppingCenterAnchor[0]/Stuff[0]/Stand1Anchor[0]/InsideStand1_3_ButtonText[0]	MiddleCenter	-66.61757663276676	16.473273088929634	-124.55479907256519	0.17920540183814584	-0.4883511855642931	0.10322790860106616	0.8477868496242602	0.0014951242430411367	0.0014951233276931748	-0.00041531246548659977	51.538185119628906	47.84814453125	0.19607843458652496	0.19607843458652496	0.19607843458652496	1.0	1.0	0.0	262174	ADD TO CART
InsideStand1_4_PriceText	City[0]/CosmeticsRoomAnchor[0]/ShoppingCenterAnchor[0]/Stuff[0]/Stand1Anchor[0]/InsideStand1_4_PriceText[0]	MiddleCenter	-66.13105746965144	16.473272135255815	-123.71594802224875	0.17920540183814584	-0.4883511855642931	0.10322790860106616	0.8477868496242602	0.0014951242430411367	0.0014951233276931748	-0.00041531246548659977	51.538185119628906	47.84814453125	0.19607843458652496	0.19607843458652496	0.19607843458652496	1.0	1.0	0.0	253443	ADD TO CART
InsideStand1_4_ButtonText	City[0]/CosmeticsRoomAnchor[0]/ShoppingCenterAnchor[0]/Stuff[0]/Stand1Anchor[0]/InsideStand1_4_ButtonText[0]	MiddleCenter	-66.0867616201998	16.473272135255232	-123.63959019151278	0.17920540183814584	-0.4883511855642931	0.10322790860106616	0.8477868496242602	0.0014951242430411367	0.0014951233276931748	-0.00041531246548659977	51.538185119628906	47.84814453125	0.19607843458652496	0.19607843458652496	0.19607843458652496	1.0	1.0	0.0	262172	ADD TO CART
InsideStand1_5_PriceText	City[0]/CosmeticsRoomAnchor[0]/ShoppingCenterAnchor[0]/Stuff[0]/Stand1Anchor[0]/InsideStand1_5_PriceText[0]	MiddleCenter	-65.51983849598884	16.459268379759727	-122.68205737146315	0.17920540183814584	-0.4883511855642931	0.10322790860106615	0.8477868496242602	0.0014951245922872507	0.0014951237933545926	-0.0004153122617597201	51.538185119628906	47.84814453125	0.19607843458652496	0.19607843458652496	0.19607843458652496	1.0	1.0	0.0	253438	ADD TO CART
InsideStand1_5_ButtonText	City[0]/CosmeticsRoomAnchor[0]/ShoppingCenterAnchor[0]/Stuff[0]/Stand1Anchor[0]/InsideStand1_5_ButtonText[0]	MiddleCenter	-65.47556467290343	16.459268379760456	-122.6057033026461	0.17920540183814584	-0.4883511855642931	0.10322790860106615	0.8477868496242602	0.0014951245922872507	0.0014951237933545926	-0.0004153122617597201	51.538185119628906	47.84814453125	0.19607843458652496	0.19607843458652496	0.19607843458652496	1.0	1.0	0.0	262165	ADD TO CART
InsideStand2_1_PriceText	City[0]/CosmeticsRoomAnchor[0]/ShoppingCenterAnchor[0]/Stuff[0]/Stand2Anchor[0]/InsideStand2_1_PriceText[0]	MiddleCenter	-62.95107263771891	16.433799305328314	-124.67774854069789	0.10661779662338201	0.8465213397888319	-0.18509015717627392	0.4876227029597354	0.0014951231282237308	0.0014951230453752217	-0.00041531201062056767	51.538185119628906	47.84814453125	0.19607843458652496	0.19607843458652496	0.19607843458652496	1.0	1.0	0.0	262149	ADD TO CART
InsideStand2_1_ButtonText	City[0]/CosmeticsRoomAnchor[0]/ShoppingCenterAnchor[0]/Stuff[0]/Stand2Anchor[0]/InsideStand2_1_ButtonText[0]	MiddleCenter	-62.90692409544711	16.433799305328314	-124.60162942498543	0.10661779662338201	0.8465213397888319	-0.18509015717627392	0.4876227029597354	0.0014951231282237308	0.0014951230453752217	-0.00041531201062056767	51.538185119628906	47.84814453125	0.19607843458652496	0.19607843458652496	0.19607843458652496	1.0	1.0	0.0	253413	ADD TO CART
InsideStand2_2_PriceText	City[0]/CosmeticsRoomAnchor[0]/ShoppingCenterAnchor[0]/Stuff[0]/Stand2Anchor[0]/InsideStand2_2_PriceText[0]	MiddleCenter	-63.46375139289227	16.43379835279881	-125.53181101742376	0.10661779662338201	0.8465213397888319	-0.18509015717627392	0.4876227029597354	0.0014951231282237308	0.0014951230453752217	-0.00041531201062056767	51.538185119628906	47.84814453125	0.19607843458652496	0.19607843458652496	0.19607843458652496	1.0	1.0	0.0	262162	ADD TO CART
InsideStand2_2_ButtonText	City[0]/CosmeticsRoomAnchor[0]/ShoppingCenterAnchor[0]/Stuff[0]/Stand2Anchor[0]/InsideStand2_2_ButtonText[0]	MiddleCenter	-63.41960370865023	16.433799306473784	-125.45567817441346	0.10661779662338201	0.8465213397888319	-0.18509015717627392	0.4876227029597354	0.0014951231282237308	0.0014951230453752217	-0.00041531201062056767	51.538185119628906	47.84814453125	0.19607843458652496	0.19607843458652496	0.19607843458652496	1.0	1.0	0.0	253410	ADD TO CART
InsideStand2_3_PriceText	City[0]/CosmeticsRoomAnchor[0]/ShoppingCenterAnchor[0]/Stuff[0]/Stand2Anchor[0]/InsideStand2_3_PriceText[0]	MiddleCenter	-63.98846445338204	16.433798350355165	-126.50026907588254	0.10661779662338201	0.8465213397888319	-0.18509015717627392	0.4876227029597354	0.0014951231282237308	0.0014951230453752217	-0.00041531201062056767	51.538185119628906	47.84814453125	0.19607843458652496	0.19607843458652496	0.19607843458652496	1.0	1.0	0.0	262159	ADD TO CART
InsideStand2_3_ButtonText	City[0]/CosmeticsRoomAnchor[0]/ShoppingCenterAnchor[0]/Stuff[0]/Stand2Anchor[0]/InsideStand2_3_ButtonText[0]	MiddleCenter	-63.94430990549143	16.43379835035531	-126.42413580385764	0.10661779662338201	0.8465213397888319	-0.18509015717627392	0.4876227029597354	0.0014951231282237308	0.0014951230453752217	-0.00041531201062056767	51.538185119628906	47.84814453125	0.19607843458652496	0.19607843458652496	0.19607843458652496	1.0	1.0	0.0	253404	ADD TO CART
InsideStand2_4_PriceText	City[0]/CosmeticsRoomAnchor[0]/ShoppingCenterAnchor[0]/Stuff[0]/Stand2Anchor[0]/InsideStand2_4_PriceText[0]	MiddleCenter	-64.64053658103312	16.433802168184236	-127.54282455320981	0.10661779662338201	0.8465213397888319	-0.18509015717627392	0.4876227029597354	0.0014951231282237308	0.0014951230453752217	-0.00041531201062056767	51.538185119628906	47.84814453125	0.19607843458652496	0.19607843458652496	0.19607843458652496	1.0	1.0	0.0	262178	ADD TO CART
InsideStand2_4_ButtonText	City[0]/CosmeticsRoomAnchor[0]/ShoppingCenterAnchor[0]/Stuff[0]/Stand2Anchor[0]/InsideStand2_4_ButtonText[0]	MiddleCenter	-64.59637282659409	16.433802168183654	-127.46669441597689	0.10661779662338201	0.8465213397888319	-0.18509015717627392	0.4876227029597354	0.0014951231282237308	0.0014951230453752217	-0.00041531201062056767	51.538185119628906	47.84814453125	0.19607843458652496	0.19607843458652496	0.19607843458652496	1.0	1.0	0.0	253439	ADD TO CART
InsideStand2_5_PriceText	City[0]/CosmeticsRoomAnchor[0]/ShoppingCenterAnchor[0]/Stuff[0]/Stand2Anchor[0]/InsideStand2_5_PriceText[0]	MiddleCenter	-65.0440728902231	16.43380216505328	-128.32029087645824	0.10661779662338201	0.8465213397888319	-0.18509015717627392	0.4876227029597354	0.0014951231282237308	0.0014951230453752217	-0.00041531201062056767	51.538185119628906	47.84814453125	0.19607843458652496	0.19607843458652496	0.19607843458652496	1.0	1.0	0.0	262190	ADD TO CART
InsideStand2_5_ButtonText	City[0]/CosmeticsRoomAnchor[0]/ShoppingCenterAnchor[0]/Stuff[0]/Stand2Anchor[0]/InsideStand2_5_ButtonText[0]	MiddleCenter	-64.99990770037031	16.433802165052697	-128.24415826434347	0.10661779662338201	0.8465213397888319	-0.18509015717627392	0.4876227029597354	0.0014951231282237308	0.0014951230453752217	-0.00041531201062056767	51.538185119628906	47.84814453125	0.19607843458652496	0.19607843458652496	0.19607843458652496	1.0	1.0	0.0	253427	ADD TO CART
PinsSignText	City[0]/CosmeticsRoomAnchor[0]/ShoppingCenterAnchor[0]/Stuff[0]/Pins[0]/PinsSignText[0]	MiddleCenter	-65.03817536795306	17.70940281014619	-125.32694046508354	-4.2461440694854517e-07	0.9739649096209332	-2.5334111245692046e-07	-0.226698819641486	0.013800009636481815	0.013800008044091714	1.0	24.158035278320312	15.406051635742188	0.0	0.0	0.0	1.0	1.0	0.0	251898	PINS
PinsSignText	City[0]/CosmeticsRoomAnchor[0]/ShoppingCenterAnchor[0]/Stuff[0]/Pins[0]/PinsSignText[1]	MiddleCenter	-65.14761627003088	17.723845252725024	-125.5775314905071	-2.4078138921427024e-07	0.22669892909029404	-8.919267594458316e-08	0.9739648841458546	0.013800008412570659	0.013800007307161084	1.0	28.912017822265625	15.601325988769531	0.0	0.0	0.0	1.0	1.0	0.0	252992	PINS
ButtonText_Pin	City[0]/CosmeticsRoomAnchor[0]/ShoppingCenterAnchor[0]/Stuff[0]/Pins[0]/ButtonText_Pin[0]	MiddleCenter	-64.9617861152084	16.628016152888364	-125.41708777889082	0.0037402939535055553	0.8665496658166675	-0.010404460019795858	-0.49896836982504195	0.001444661751879716	0.0015949956964885256	-0.00041850098401987126	51.538185119628906	47.84814453125	0.19607843458652496	0.19607843458652496	0.19607843458652496	1.0	1.0	0.0	253431	ADD TO CART
SlotPrice_Pin	City[0]/CosmeticsRoomAnchor[0]/ShoppingCenterAnchor[0]/Stuff[0]/Pins[0]/SlotPrice_Pin[0]	MiddleCenter	-65.00460648011696	16.629454299522497	-125.3433396235676	0.0037402939535055553	0.8665496658166675	-0.010404460019795858	-0.49896836982504195	0.001444661751879716	0.0015949956964885256	-0.00041850098401987126	51.538185119628906	47.84814453125	0.19607843458652496	0.19607843458652496	0.19607843458652496	1.0	1.0	0.0	262187	ADD TO CART
ButtonText_Pin	City[0]/CosmeticsRoomAnchor[0]/ShoppingCenterAnchor[0]/Stuff[0]/Pins[0]/ButtonText_Pin[1]	MiddleCenter	-65.09935267621205	16.494383496301474	-125.30114662524564	-0.0035806235148698783	0.988340690078089	-0.010460397064695941	0.15185664148946665	0.0014446613915426265	0.0015949956679983102	-0.0004185008914449384	51.538185119628906	47.84814453125	0.19607843458652496	0.19607843458652496	0.19607843458652496	1.0	1.0	0.0	253424	ADD TO CART
SlotPrice_Pin	City[0]/CosmeticsRoomAnchor[0]/ShoppingCenterAnchor[0]/Stuff[0]/Pins[0]/SlotPrice_Pin[1]	MiddleCenter	-65.18070831141377	16.49350993495485	-125.32675246174152	-0.0035806235148698783	0.988340690078089	-0.010460397064695941	0.15185664148946665	0.0014446613915426265	0.0015949956679983102	-0.0004185008914449384	51.538185119628906	47.84814453125	0.19607843458652496	0.19607843458652496	0.19607843458652496	1.0	1.0	0.0	262181	ADD TO CART
ButtonText_Pin	City[0]/CosmeticsRoomAnchor[0]/ShoppingCenterAnchor[0]/Stuff[0]/Pins[0]/ButtonText_Pin[2]	MiddleCenter	-65.24491131920544	16.63669842297525	-125.42384125572354	-0.009449163229813859	0.6618021714155113	-0.005740530241983999	0.7495969887456269	0.0014446621055394671	0.0015949956361062834	-0.0004185009704526106	51.538185119628906	47.84814453125	0.19607843458652496	0.19607843458652496	0.19607843458652496	1.0	1.0	0.0	253436	ADD TO CART
SlotPrice_Pin	City[0]/CosmeticsRoomAnchor[0]/ShoppingCenterAnchor[0]/Stuff[0]/Pins[0]/SlotPrice_Pin[2]	MiddleCenter	-65.23433116553215	16.63489788178634	-125.50847039849673	-0.009449163229813859	0.6618021714155113	-0.005740530241983999	0.7495969887456269	0.0014446621055394671	0.0015949956361062834	-0.0004185009704526106	51.538185119628906	47.84814453125	0.19607843458652496	0.19607843458652496	0.19607843458652496	1.0	1.0	0.0	262167	ADD TO CART
ButtonText_Pin	City[0]/CosmeticsRoomAnchor[0]/ShoppingCenterAnchor[0]/Stuff[0]/Pins[0]/ButtonText_Pin[3]	MiddleCenter	-65.12838855772638	16.48821512154694	-125.58098217361112	-0.01077102554021767	-0.050316955255985556	0.002495692884271063	0.998672098608751	0.001444662280894349	0.0015949960085479922	-0.0004185010574759908	51.538185119628906	47.84814453125	0.19607843458652496	0.19607843458652496	0.19607843458652496	1.0	1.0	0.0	253432	ADD TO CART
SlotPrice_Pin	City[0]/CosmeticsRoomAnchor[0]/ShoppingCenterAnchor[0]/Stuff[0]/Pins[0]/SlotPrice_Pin[3]	MiddleCenter	-65.04351840508885	16.48873391513481	-125.57243681463149	-0.01077102554021767	-0.050316955255985556	0.002495692884271063	0.998672098608751	0.001444662280894349	0.0015949960085479922	-0.0004185010574759908	51.538185119628906	47.84814453125	0.19607843458652496	0.19607843458652496	0.19607843458652496	1.0	1.0	0.0	262186	ADD TO CART
ButtonText_Pin	City[0]/CosmeticsRoomAnchor[0]/ShoppingCenterAnchor[0]/Stuff[0]/Pins[0]/ButtonText_Pin[4]	MiddleCenter	-65.02686067545848	16.87096661895767	-125.31895002409858	-0.00042168573774098667	0.990266569976908	-0.011048213463262903	-0.13874393517043698	0.0014446617555802844	0.001594995801644723	-0.0004185009709258964	51.538185119628906	47.84814453125	0.19607843458652496	0.19607843458652496	0.19607843458652496	1.0	1.0	0.0	253429	ADD TO CART
SlotPrice_Pin	City[0]/CosmeticsRoomAnchor[0]/ShoppingCenterAnchor[0]/Stuff[0]/Pins[0]/SlotPrice_Pin[4]	MiddleCenter	-65.10887550873422	16.8711573601523	-125.29551340035383	-0.00042168573774098667	0.990266569976908	-0.011048213463262903	-0.13874393517043698	0.0014446617555802844	0.001594995801644723	-0.0004185009709258964	51.538185119628906	47.84814453125	0.19607843458652496	0.19607843458652496	0.19607843458652496	1.0	1.0	0.0	262189	ADD TO CART
ButtonText_Pin	City[0]/CosmeticsRoomAnchor[0]/ShoppingCenterAnchor[0]/Stuff[0]/Pins[0]/ButtonText_Pin[5]	MiddleCenter	-65.18434664756474	16.862440771069345	-125.5604303271401	-0.01105377743542908	0.1969469365817769	-0.00023138701384396569	0.9803518065651287	0.0014446624168176967	0.0015949957295600895	-0.00041850098138695817	51.538185119628906	47.84814453125	0.19607843458652496	0.19607843458652496	0.19607843458652496	1.0	1.0	0.0	252283	ADD TO CART
SlotPrice_Pin	City[0]/CosmeticsRoomAnchor[0]/ShoppingCenterAnchor[0]/Stuff[0]/Pins[0]/SlotPrice_Pin[5]	MiddleCenter	-65.10528926216399	16.861441313817	-125.59354936398	-0.01105377743542908	0.1969469365817769	-0.00023138701384396569	0.9803518065651287	0.0014446624168176967	0.0015949957295600895	-0.00041850098138695817	51.538185119628906	47.84814453125	0.19607843458652496	0.19607843458652496	0.19607843458652496	1.0	1.0	0.0	252292	ADD TO CART
SlotPrice_GlassesInside	City[0]/CosmeticsRoomAnchor[0]/ShoppingCenterAnchor[0]/Stuff[0]/Glasses[0]/SlotPrice_GlassesInside[0]	MiddleCenter	-60.446498240773195	16.49345375325307	-114.9437818938371	0.00374025370557352	0.8665496547418032	-0.010404572400725046	-0.4989683870168908	0.0014446618769806366	0.001594996078334093	-0.00041850095390294094	51.538185119628906	47.84814453125	0.19607843458652496	0.19607843458652496	0.19607843458652496	1.0	1.0	0.0	262169	ADD TO CART
SlotPrice_GlassesInside	City[0]/CosmeticsRoomAnchor[0]/ShoppingCenterAnchor[0]/Stuff[0]/Glasses[0]/SlotPrice_GlassesInside[1]	MiddleCenter	-60.68623364045693	16.647460737817763	-114.97105531625462	0.005193049346251265	0.9065553727996146	0.0056375649884987025	0.4220173055072973	0.0014449927900925252	0.0015949445051648802	-0.00041830223068687835	51.538185119628906	47.84814453125	0.19607843458652496	0.19607843458652496	0.19607843458652496	1.0	1.0	0.0	262191	ADD TO CART
ButtonText_GlassesInside	City[0]/CosmeticsRoomAnchor[0]/ShoppingCenterAnchor[0]/Stuff[0]/Glasses[0]/ButtonText_GlassesInside[0]	MiddleCenter	-60.40367140726623	16.492015606618086	-115.01754113532772	0.00374025370557352	0.8665496547418032	-0.010404572400725046	-0.4989683870168908	0.0014446618769806366	0.001594996078334093	-0.00041850095390294094	51.538185119628906	47.84814453125	0.19607843458652496	0.19607843458652496	0.19607843458652496	1.0	1.0	0.0	253433	ADD TO CART
ButtonText_GlassesInside	City[0]/CosmeticsRoomAnchor[0]/ShoppingCenterAnchor[0]/Stuff[0]/Glasses[0]/ButtonText_GlassesInside[1]	MiddleCenter	-60.63130277182192	16.646249570215844	-114.90577113566331	0.005193049346251265	0.9065553727996146	0.0056375649884987025	0.4220173055072973	0.0014449927900925252	0.0015949445051648802	-0.00041830223068687835	51.538185119628906	47.84814453125	0.19607843458652496	0.19607843458652496	0.19607843458652496	1.0	1.0	0.0	253428	ADD TO CART
WallScreen - Mountain	City[0]/CosmeticsRoomAnchor[0]/-- Texts UI --[0]/WallScreen - Mountain[0]	UpperLeft	-32.472392799268576	18.075546653496495	-103.58832483496765	0.024170336360502	0.2681234322130748	-0.04498145851570626	0.9620302949119122	0.004000001986913535	0.004000000469240285	1.0000002033106827	188.69357299804688	71.56771850585938	1.0	1.0	1.0	1.0	1.0	0.0	251715	WELCOME TO GORILLA TAG!\n\nHEAD DOWN THIS HALLWAY TO AUTOMATICALLY JOIN A PUBLIC GAME, OR USE THE TERMINAL TO JOIN A SPECIFIC ROOM OR ADJUST YOUR SETTINGS.
ButtonText_Eyebrows	City[0]/CosmeticsRoomAnchor[0]/-- Texts UI --[0]/ButtonText_Eyebrows[0]	MiddleCenter	-51.79440703487832	16.506124436308752	-95.7172164240762	-0.006646572278053212	0.9782544444061854	-0.20485652676589844	-0.03174694501697594	0.0014951247929896085	0.0014951237345939056	-0.0004153122949503455	51.538185119628906	47.84814453125	0.19607843458652496	0.19607843458652496	0.19607843458652496	1.0	1.0	0.0	253441	ADD TO CART
ButtonText_FruitHut	City[0]/CosmeticsRoomAnchor[0]/-- Texts UI --[0]/ButtonText_FruitHut[0]	MiddleCenter	-46.55037370135112	21.70411951071159	-99.94454269519308	0.18401381914338452	0.43109689223277825	-0.0902761629479428	0.8787175873253605	0.0014951245242787003	0.0014951238683472011	-0.0004153121465071231	51.538185119628906	47.84814453125	0.19607843458652496	0.19607843458652496	0.19607843458652496	1.0	1.0	0.0	253440	ADD TO CART
ButtonText_FruitHut	City[0]/CosmeticsRoomAnchor[0]/-- Texts UI --[0]/ButtonText_FruitHut[1]	MiddleCenter	-47.45589550025987	21.704176778990643	-100.2580036420384	0.02613174954505154	0.9707824591716805	-0.2032923218768224	0.12478293351348098	0.0014951241280599492	0.0014951245646485961	-0.00041531228636570105	51.538185119628906	47.84814453125	0.19607843458652496	0.19607843458652496	0.19607843458652496	1.0	1.0	0.0	253406	ADD TO CART
ButtonText_FruitHut	City[0]/CosmeticsRoomAnchor[0]/-- Texts UI --[0]/ButtonText_FruitHut[2]	MiddleCenter	-47.56001802223597	21.705111447713463	-98.66765602111313	0.18388343899241183	0.4311103673723875	-0.09021223333893218	0.8787448349574358	0.001495123184090442	0.0014951225065922254	-0.0004153119559552823	51.538185119628906	47.84814453125	0.19607843458652496	0.19607843458652496	0.19607843458652496	1.0	1.0	0.0	253407	ADD TO CART
PiercingsButtonText	City[0]/CosmeticsRoomAnchor[0]/-- Texts UI --[0]/PiercingsButtonText[0]	MiddleCenter	-46.422356222066774	26.316440900220506	-96.14173811065588	0.19751368763159224	0.26152593804644275	-0.054765861098922605	0.9431824995117285	0.001495125806123509	0.001495123660067086	-0.00041531236444259333	51.538185119628906	47.84814453125	0.19607843458652496	0.19607843458652496	0.19607843458652496	1.0	1.0	0.0	253412	ADD TO CART
PiercingsButtonText	City[0]/CosmeticsRoomAnchor[0]/-- Texts UI --[0]/PiercingsButtonText[1]	MiddleCenter	-45.91563963989488	26.31644085508136	-96.4460329723768	0.19751368763159224	0.26152593804644275	-0.054765861098922605	0.9431824995117285	0.001495125806123509	0.001495123660067086	-0.00041531236444259333	51.538185119628906	47.84814453125	0.19607843458652496	0.19607843458652496	0.19607843458652496	1.0	1.0	0.0	253415	ADD TO CART
PiercingsButtonText	City[0]/CosmeticsRoomAnchor[0]/-- Texts UI --[0]/PiercingsButtonText[2]	MiddleCenter	-45.44092623602617	26.316440812767894	-96.73176732479624	0.19751368763159224	0.26152593804644275	-0.054765861098922605	0.9431824995117285	0.001495125806123509	0.001495123660067086	-0.00041531236444259333	51.538185119628906	47.84814453125	0.19607843458652496	0.19607843458652496	0.19607843458652496	1.0	1.0	0.0	253426	ADD TO CART
PiercingsButtonText	City[0]/CosmeticsRoomAnchor[0]/-- Texts UI --[0]/PiercingsButtonText[3]	MiddleCenter	-44.90912060302913	26.31644076541347	-97.0506147568679	0.19751368763159224	0.26152593804644275	-0.054765861098922605	0.9431824995117285	0.001495125806123509	0.001495123660067086	-0.00041531236444259333	51.538185119628906	47.84814453125	0.19607843458652496	0.19607843458652496	0.19607843458652496	1.0	1.0	0.0	253419	ADD TO CART
ButtonText_EyePatchHut	City[0]/CosmeticsRoomAnchor[0]/-- Texts UI --[0]/ButtonText_EyePatchHut[0]	MiddleCenter	-39.93938830852488	26.317440253530584	-99.9507126554562	0.19751366265190154	0.26152590320876906	-0.054765912239402935	0.9431825114331025	0.0014951255947041288	0.0014951239155990286	-0.0004153123586211495	51.538185119628906	47.84814453125	0.19607843458652496	0.19607843458652496	0.19607843458652496	1.0	1.0	0.0	253420	ADD TO CART
ButtonText_EyePatchHut	City[0]/CosmeticsRoomAnchor[0]/-- Texts UI --[0]/ButtonText_EyePatchHut[1]	MiddleCenter	-40.3320620490283	26.317440288511772	-99.71487259463709	0.19751366265190154	0.26152590320876906	-0.054765912239402935	0.9431825114331025	0.0014951255947041288	0.0014951239155990286	-0.0004153123586211495	51.538185119628906	47.84814453125	0.19607843458652496	0.19607843458652496	0.19607843458652496	1.0	1.0	0.0	253422	ADD TO CART
ButtonText_EyePatchHut	City[0]/CosmeticsRoomAnchor[0]/-- Texts UI --[0]/ButtonText_EyePatchHut[2]	MiddleCenter	-40.74808473431011	26.31744032555477	-99.46548480249716	0.19751366265190154	0.26152590320876906	-0.054765912239402935	0.9431825114331025	0.0014951255947041288	0.0014951239155990286	-0.0004153123586211495	51.538185119628906	47.84814453125	0.19607843458652496	0.19607843458652496	0.19607843458652496	1.0	1.0	0.0	253425	ADD TO CART
ButtonText_MedicalHut	City[0]/CosmeticsRoomAnchor[0]/-- Texts UI --[0]/ButtonText_MedicalHut[0]	MiddleCenter	-51.97661153136432	26.120441022458415	-99.54929920925903	0.07625526158293926	0.9125236870577822	-0.19946715667848242	0.34885313392026446	0.001495123209459576	0.0014951232097888832	-0.0004153119308898767	51.538185119628906	47.84814453125	0.19607843458652496	0.19607843458652496	0.19607843458652496	1.0	1.0	0.0	253421	ADD TO CART
ButtonText_MedicalHut	City[0]/CosmeticsRoomAnchor[0]/-- Texts UI --[0]/ButtonText_MedicalHut[1]	MiddleCenter	-52.96993926656575	26.12044105239862	-100.48063178803338	0.07625526158293926	0.9125236870577822	-0.19946715667848242	0.34885313392026446	0.001495123209459576	0.0014951232097888832	-0.0004153119308898767	51.538185119628906	47.84814453125	0.19607843458652496	0.19607843458652496	0.19607843458652496	1.0	1.0	0.0	253414	ADD TO CART
ButtonText_SpookyHut	City[0]/CosmeticsRoomAnchor[0]/-- Texts UI --[0]/ButtonText_SpookyHut[0]	MiddleCenter	-56.34154378370657	31.087441711533295	-99.19215187185648	0.18613774897509333	-0.4788159634652158	0.10466308706456452	0.8515477965114334	0.0014951235943504117	0.0014951227518595568	-0.0004153120548153901	51.538185119628906	47.84814453125	0.19607843458652496	0.19607843458652496	0.19607843458652496	1.0	1.0	0.0	253418	ADD TO CART
ButtonText_SpookyHut	City[0]/CosmeticsRoomAnchor[0]/-- Texts UI --[0]/ButtonText_SpookyHut[1]	MiddleCenter	-55.105657484566436	31.08744164378585	-98.82923050322309	0.20400542137229646	0.2887271150284884	-0.06311181801779683	0.9332927405292117	0.0014951228005639914	0.001495122744537785	-0.00041531221218199554	51.538185119628906	47.84814453125	0.19607843458652496	0.19607843458652496	0.19607843458652496	1.0	1.0	0.0	253442	ADD TO CART
ButtonText_SpookyHut	City[0]/CosmeticsRoomAnchor[0]/-- Texts UI --[0]/ButtonText_SpookyHut[2]	MiddleCenter	-56.69353840448102	31.08644130610601	-99.82495901237289	0.1833475135037928	-0.500840242195727	0.10947733408960722	0.8387833179134732	0.0014951231783083294	0.001495122168099294	-0.0004153120658518666	51.538185119628906	47.84814453125	0.19607843458652496	0.19607843458652496	0.19607843458652496	1.0	1.0	0.0	253444	ADD TO CART
ButtonText_StealthHut	City[0]/CosmeticsRoomAnchor[0]/-- Texts UI --[0]/ButtonText_StealthHut[0]	MiddleCenter	-44.537828900884755	26.102440211843543	-104.55654443861394	-0.054751892987295575	0.9432003605220055	-0.19751803441207433	-0.26146115621150545	0.0014951263719841738	0.001495123378628905	-0.00041531234899006497	51.538185119628906	47.84814453125	0.19607843458652496	0.19607843458652496	0.19607843458652496	1.0	1.0	0.0	253435	ADD TO CART
SlotPrice_EyebrowsHut	City[0]/CosmeticsRoomAnchor[0]/-- Texts UI --[0]/SlotPrice_EyebrowsHut[0]	MiddleCenter	-51.88250071617638	16.50612539602273	-95.71149434925205	-0.006646572278053212	0.9782544444061854	-0.20485652676589844	-0.03174694501697594	0.0014951247929896085	0.0014951237345939056	-0.0004153122949503455	51.538185119628906	47.84814453125	0.19607843458652496	0.19607843458652496	0.19607843458652496	1.0	1.0	0.0	262177	ADD TO CART
SlotPrice_FruitHut	City[0]/CosmeticsRoomAnchor[0]/-- Texts UI --[0]/SlotPrice_FruitHut[0]	MiddleCenter	-46.49634561911479	21.70411950446688	-100.01435205652521	0.18401381914338452	0.43109689223277825	-0.0902761629479428	0.8787175873253605	0.0014951245242787003	0.0014951238683472011	-0.0004153121465071231	51.538185119628906	47.84814453125	0.19607843458652496	0.19607843458652496	0.19607843458652496	1.0	1.0	0.0	262176	ADD TO CART
SlotPrice_FruitHut	City[0]/CosmeticsRoomAnchor[0]/-- Texts UI --[0]/SlotPrice_FruitHut[1]	MiddleCenter	-47.541304861781654	21.704176783777825	-100.28033633201495	0.02613174954505154	0.9707824591716805	-0.2032923218768224	0.12478293351348098	0.0014951241280599492	0.0014951245646485961	-0.00041531228636570105	51.538185119628906	47.84814453125	0.19607843458652496	0.19607843458652496	0.19607843458652496	1.0	1.0	0.0	262158	ADD TO CART
SlotPrice_FruitHut	City[0]/CosmeticsRoomAnchor[0]/-- Texts UI --[0]/SlotPrice_FruitHut[2]	MiddleCenter	-47.50598833953364	21.70511144146832	-98.73747402799755	0.18388343899241183	0.4311103673723875	-0.09021223333893218	0.8787448349574358	0.001495123184090442	0.0014951225065922254	-0.0004153119559552823	51.538185119628906	47.84814453125	0.19607843458652496	0.19607843458652496	0.19607843458652496	1.0	1.0	0.0	262157	ADD TO CART
PiercingsSlotPrice	City[0]/CosmeticsRoomAnchor[0]/-- Texts UI --[0]/PiercingsSlotPrice[0]	MiddleCenter	-46.34673723405173	26.3164408934995	-96.18675086298913	0.19751368763159224	0.26152593804644275	-0.054765861098922605	0.9431824995117285	0.001495125806123509	0.001495123660067086	-0.00041531236444259333	51.538185119628906	47.84814453125	0.19607843458652496	0.19607843458652496	0.19607843458652496	1.0	1.0	0.0	262150	ADD TO CART
PiercingsSlotPrice	City[0]/CosmeticsRoomAnchor[0]/-- Texts UI --[0]/PiercingsSlotPrice[1]	MiddleCenter	-45.84001783050825	26.316440848360067	-96.49104846355564	0.19751368763159224	0.26152593804644275	-0.054765861098922605	0.9431824995117285	0.001495125806123509	0.001495123660067086	-0.00041531236444259333	51.538185119628906	47.84814453125	0.19607843458652496	0.19607843458652496	0.19607843458652496	1.0	1.0	0.0	262155	ADD TO CART
PiercingsSlotPrice	City[0]/CosmeticsRoomAnchor[0]/-- Texts UI --[0]/PiercingsSlotPrice[2]	MiddleCenter	-45.365304905110705	26.316440806046597	-96.7767836409358	0.19751368763159224	0.26152593804644275	-0.054765861098922605	0.9431824995117285	0.001495125806123509	0.001495123660067086	-0.00041531236444259333	51.538185119628906	47.84814453125	0.19607843458652496	0.19607843458652496	0.19607843458652496	1.0	1.0	0.0	262179	ADD TO CART
PiercingsSlotPrice	City[0]/CosmeticsRoomAnchor[0]/-- Texts UI --[0]/PiercingsSlotPrice[3]	MiddleCenter	-44.83400070988505	26.316440758692174	-97.09649563182629	0.19751368763159224	0.26152593804644275	-0.054765861098922605	0.9431824995117285	0.001495125806123509	0.001495123660067086	-0.00041531236444259333	51.538185119628906	47.84814453125	0.19607843458652496	0.19607843458652496	0.19607843458652496	1.0	1.0	0.0	262151	ADD TO CART
SlotPrice_EyePatchHut	City[0]/CosmeticsRoomAnchor[0]/-- Texts UI --[0]/SlotPrice_EyePatchHut[0]	MiddleCenter	-39.864268827861146	26.317440246809323	-99.99659329117897	0.19751366265190154	0.26152590320876906	-0.054765912239402935	0.9431825114331025	0.0014951255947041288	0.0014951239155990286	-0.0004153123586211495	51.538185119628906	47.84814453125	0.19607843458652496	0.19607843458652496	0.19607843458652496	1.0	1.0	0.0	262184	ADD TO CART
SlotPrice_EyePatchHut	City[0]/CosmeticsRoomAnchor[0]/-- Texts UI --[0]/SlotPrice_EyePatchHut[1]	MiddleCenter	-40.256935638725025	26.317440281790113	-99.76075173714807	0.19751366265190154	0.26152590320876906	-0.054765912239402935	0.9431825114331025	0.0014951255947041288	0.0014951239155990286	-0.0004153123586211495	51.538185119628906	47.84814453125	0.19607843458652496	0.19607843458652496	0.19607843458652496	1.0	1.0	0.0	262182	ADD TO CART
SlotPrice_EyePatchHut	City[0]/CosmeticsRoomAnchor[0]/-- Texts UI --[0]/SlotPrice_EyePatchHut[2]	MiddleCenter	-40.67297177080558	26.31744031883387	-99.51136717066733	0.19751366265190154	0.26152590320876906	-0.054765912239402935	0.9431825114331025	0.0014951255947041288	0.0014951239155990286	-0.0004153123586211495	51.538185119628906	47.84814453125	0.19607843458652496	0.19607843458652496	0.19607843458652496	1.0	1.0	0.0	262180	ADD TO CART
SlotPrice_MedicalHut	City[0]/CosmeticsRoomAnchor[0]/-- Texts UI --[0]/SlotPrice_MedicalHut[0]	MiddleCenter	-52.042110852332094	26.12044102452058	-99.60841595552154	0.07625526158293926	0.9125236870577822	-0.19946715667848242	0.34885313392026446	0.001495123209459576	0.0014951232097888832	-0.0004153119308898767	51.538185119628906	47.84814453125	0.19607843458652496	0.19607843458652496	0.19607843458652496	1.0	1.0	0.0	262185	ADD TO CART
SlotPrice_MedicalHut	City[0]/CosmeticsRoomAnchor[0]/-- Texts UI --[0]/SlotPrice_MedicalHut[1]	MiddleCenter	-53.03543947230311	26.12044105446086	-100.53974815894475	0.07625526158293926	0.9125236870577822	-0.19946715667848242	0.34885313392026446	0.001495123209459576	0.0014951232097888832	-0.0004153119308898767	51.538185119628906	47.84814453125	0.19607843458652496	0.19607843458652496	0.19607843458652496	1.0	1.0	0.0	262156	ADD TO CART
SlotPrice_SpookyHut	City[0]/CosmeticsRoomAnchor[0]/-- Texts UI --[0]/SlotPrice_SpookyHut[0]	MiddleCenter	-56.29516053288997	31.08744171138048	-99.116167690376	0.18613774897509333	-0.4788159634652158	0.10466308706456452	0.8515477965114334	0.0014951235943504117	0.0014951227518595568	-0.0004153120548153901	51.538185119628906	47.84814453125	0.19607843458652496	0.19607843458652496	0.19607843458652496	1.0	1.0	0.0	262152	ADD TO CART
SlotPrice_SpookyHut	City[0]/CosmeticsRoomAnchor[0]/-- Texts UI --[0]/SlotPrice_SpookyHut[1]	MiddleCenter	-55.03304704065347	31.08744163706463	-98.87943616868652	0.20400542137229646	0.2887271150284884	-0.06311181801779683	0.9332927405292117	0.0014951228005639914	0.001495122744537785	-0.00041531221218199554	51.538185119628906	47.84814453125	0.19607843458652496	0.19607843458652496	0.19607843458652496	1.0	1.0	0.0	262175	ADD TO CART
SlotPrice_SpookyHut	City[0]/CosmeticsRoomAnchor[0]/-- Texts UI --[0]/SlotPrice_SpookyHut[2]	MiddleCenter	-56.650616680285765	31.086441306258827	-99.74696715112772	0.1833475135037928	-0.500840242195727	0.10947733408960722	0.8387833179134732	0.0014951231783083294	0.001495122168099294	-0.0004153120658518666	51.538185119628906	47.84814453125	0.19607843458652496	0.19607843458652496	0.19607843458652496	1.0	1.0	0.0	262173	ADD TO CART
SlotPrice_StealthHut	City[0]/CosmeticsRoomAnchor[0]/-- Texts UI --[0]/SlotPrice_StealthHut[0]	MiddleCenter	-44.613812049394305	26.102440218641107	-104.51016177932145	-0.054751892987295575	0.9432003605220055	-0.19751803441207433	-0.26146115621150545	0.0014951263719841738	0.001495123378628905	-0.00041531234899006497	51.538185119628906	47.84814453125	0.19607843458652496	0.19607843458652496	0.19607843458652496	1.0	1.0	0.0	262168	ADD TO CART
ButtonText_GoldShelf	City[0]/CosmeticsRoomAnchor[0]/-- Texts UI --[0]/ButtonText_GoldShelf[0]	MiddleCenter	-57.195140523231416	24.869740390395073	-122.62802652531812	-0.053724157059718	0.9447923902715007	-0.19971045865883558	-0.2541589796477087	0.001495123973149215	0.0014951235412778206	-0.00041531232799022427	51.538185119628906	47.84814453125	0.19607843458652496	0.19607843458652496	0.19607843458652496	1.0	1.0	0.0	251699	ADD TO CART
SlotPrice_GoldShelf	City[0]/CosmeticsRoomAnchor[0]/-- Texts UI --[0]/SlotPrice_GoldShelf[0]	MiddleCenter	-57.26477641154851	24.869740396543484	-122.58764041907037	-0.053724157059718	0.9447923902715007	-0.19971045865883558	-0.2541589796477087	0.001495123973149215	0.0014951235412778206	-0.00041531232799022427	51.538185119628906	47.84814453125	0.19607843458652496	0.19607843458652496	0.19607843458652496	1.0	1.0	0.0	251751	ADD TO CART
InfoSignText	City[0]/CosmeticsRoomAnchor[0]/-- Texts UI --[0]/InfoSignText[0]	MiddleCenter	-61.25071801862482	18.986439842332505	-130.4741643677097	-2.3499010822479437e-07	0.9656691970739104	6.801927530536569e-08	-0.2597749060678673	0.030000010852674723	0.030000008922365817	1.0	58.95396423339844	17.805835723876953	1.0	1.0	1.0	1.0	1.0	0.0	252295	<- 2ND FLOOR
InfoSignText	City[0]/CosmeticsRoomAnchor[0]/-- Texts UI --[0]/InfoSignText[1]	MiddleCenter	-63.38475274100014	26.496446174837075	-120.49926228801898	-2.840834072023252e-07	0.22669887792140367	-1.125275635022037e-07	0.9739648960558502	0.030000013465986335	0.030000000432699497	0.9999999999999999	58.95396423339844	17.805835723876953	1.0	1.0	1.0	1.0	1.0	0.0	252862	<- 2ND FLOOR
InfoSignText	City[0]/CosmeticsRoomAnchor[0]/-- Texts UI --[0]/InfoSignText[2]	MiddleCenter	-63.34059230358638	26.49644617535752	-120.4095411719186	-4.0730315925757936e-07	0.9739649003489931	-1.2099157258293087e-07	-0.22669885947660942	0.030000006886722882	0.03000000314383907	0.9999999999999999	58.95396423339844	17.805835723876953	1.0	1.0	1.0	1.0	1.0	0.0	252422	2ND FLOOR ->
DressingRoomSign	City[0]/CosmeticsRoomAnchor[0]/-- Texts UI --[0]/DressingRoomSign[0]	MiddleCenter	-56.59167251625825	19.02544002453305	-118.66018308483127	-7.082193175293406e-08	0.700340382247933	5.462242914654216e-08	0.7138090423865553	0.03000000377852417	0.030000002284969962	1.0	63.159461975097656	21.93264389038086	1.0	1.0	1.0	1.0	0.699999988079071	0.0	252207	DRESSING ROOM
Checkout Sign	City[0]/CosmeticsRoomAnchor[0]/-- Texts UI --[0]/Checkout Sign[0]	MiddleCenter	-61.6240079313562	19.029440657459098	-109.48390628542579	-4.120400707493029e-08	-0.4991426890791889	-2.3291312135653586e-09	0.8665198070089307	0.0299999992817384	0.030000002456580452	1.0	63.159461975097656	21.93264389038086	1.0	1.0	1.0	1.0	0.699999988079071	0.0	253040	SELF\nCHECKOUT
InfoSignText	City[0]/CosmeticsRoomAnchor[0]/-- Texts UI --[0]/InfoSignText[3]	MiddleCenter	-54.9478818396375	22.656441127599095	-126.4815137785001	-1.8027624194510305e-07	0.86651989115804	-1.463904063314441e-07	0.49914254299488914	0.030000017717123607	0.03000001176980861	1.0	58.95396423339844	17.805835723876953	1.0	1.0	1.0	1.0	1.0	0.0	252489	1ST FLOOR ->
InfoSignText	City[0]/CosmeticsRoomAnchor[0]/-- Texts UI --[0]/InfoSignText[4]	MiddleCenter	-67.61141265892788	22.656440699119543	-127.61040986371862	-2.3499010822479443e-07	0.9656691970739104	6.801927530536566e-08	-0.2597749060678673	0.030000022028547825	0.03000000519707479	1.0	58.95396423339844	17.805835723876953	1.0	1.0	1.0	1.0	1.0	0.0	251973	3RD FLOOR ->
UnderConstructionSignText	City[0]/CosmeticsRoomAnchor[0]/-- Texts UI --[0]/UnderConstructionSignText[0]	MiddleCenter	-59.945994373553766	16.610448917191267	-131.21186799817573	0.11384849988362812	0.8414033186643893	-0.19512826689179769	0.4909215149844251	0.003599120907658375	0.003599119736931946	1.0	114.66641235351562	83.07730102539062	0.0	0.0	0.0	1.0	1.0	0.0	253017	***    UNDER    ***\n*** CONSTRUCTION ***\n\nPLEASE COME\nBACK SOON!
Atm Screen	City[0]/CosmeticsRoomAnchor[0]/-- Texts UI --[0]/Atm Screen[0]	UpperLeft	-59.448210124506986	16.482008938099867	-107.18936696164164	-0.03629477233585338	0.9595526693269194	-0.13162502775931376	-0.2462036075203455	0.0025498807835143385	0.0025498803538186827	1.019952185511888	86.3845443725586	92.22935485839844	1.0	1.0	1.0	1.0	1.0	1.0	252068	PURCHASE MORE SHINY ROCKS\n\nBALANCE: 555000
Atm Buttons Text	City[0]/CosmeticsRoomAnchor[0]/-- Texts UI --[0]/Atm Buttons Text[0]	UpperLeft	-59.59237470154767	16.478648202164965	-107.10878489529864	-0.03778528708237368	0.9587378567311725	-0.137434098133453	-0.24597939511443798	0.0016616326889432119	0.0016616323703450946	0.6646529738194713	58.61334228515625	120.25897216796875	1.0	1.0	1.0	1.0	1.0	1.0	252534	RETURN  -->\n\n$10 FOR -->\n2200\n\n$20 FOR -->\n5000\n\nBACK    -->
Corner Text	City[0]/CosmeticsRoomAnchor[0]/-- Texts UI --[0]/Corner Text[0]	MiddleCenter	-52.46138384524539	16.165157622398482	-99.12085543771609	0.010109991037916143	0.9873430843144861	0.07042098767468676	-0.1417473330701231	0.0028580869463538834	0.002858086494469162	1.0	89.6992416381836	8.52383804321289	0.0	0.0	0.0	1.0	1.0	0.0	252053	PL CE I  F RES 
Corner Text	City[0]/CosmeticsRoomAnchor[0]/-- Texts UI --[0]/Corner Text[1]	MiddleCenter	-50.158386766987825	16.0290876498837	-100.04299021046776	-0.11775466829902442	-0.5061907303009842	-0.07000378552505727	0.8514718155425376	0.0016364976623689203	0.001636496703547858	1.0	89.6992416381836	8.52383804321289	0.0	0.0	0.0	1.0	1.0	0.0	252624	P ACE  N C VE
Currency Board Text (2)	City[0]/CosmeticsRoomAnchor[0]/-- Texts UI --[0]/Currency Board Text (2)[0]	UpperLeft	-61.83470222078436	16.56744063771214	-108.24267418969406	-4.5472078303477734e-08	-0.49486455473451835	4.586737394047282e-09	0.8689701217345766	0.007147289308420236	0.007147289852811205	1.429458127566533	153.9243621826172	67.17093658447266	1.0	1.0	1.0	1.0	1.0	1.0	252530	CURRENT SHINY ROCKS:\n\n100 MORE ROCKS IN:
Daily Rocks Text	City[0]/CosmeticsRoomAnchor[0]/-- Texts UI --[0]/Daily Rocks Text[0]	UpperLeft	-61.83470222451005	16.74044050978174	-108.24267420237132	-4.5472078303477734e-08	-0.49486455473451835	4.586737394047282e-09	0.8689701217345766	0.007147289308420236	0.007147289852811205	1.429458127566533	153.9243621826172	67.17093658447266	1.0	1.0	1.0	1.0	1.0	1.0	252577	WAITING TO GET DAILY ROCKS...
AtmMoneySymbolText	City[0]/CosmeticsRoomAnchor[0]/-- Texts UI --[0]/AtmMoneySymbolText[0]	UpperLeft	-59.427620875858665	16.773798974139943	-107.01793909144872	-0.0023621546994176236	0.9680942080509585	-0.009133346579139943	-0.2504088787236364	0.020000004832122296	0.02000000480709126	1.000000154156721	7.333065032958984	9.624366760253906	1.0	1.0	1.0	1.0	1.0	1.0	252706	$
Info page 1	City[0]/CosmeticsRoomAnchor[0]/-- Texts UI --[0]/Info page 1[0]	UpperLeft	-52.067751749290046	16.691743211160592	-99.23486475328129	0.05784210799899148	0.14186455313722796	-0.008304111519382101	0.9881597951937133	0.0064654661672079485	0.006465467628901968	1.0	153.7998046875	154.06361389160156	1.0	1.0	1.0	1.0	1.0	0.0	252661	WELCOME!\n\nEVERY DAY YOU VISIT GORILLA WORLD, YOU'LL GET 100 SHINY ROCKS.\n\nADD COSMETICS TO YOUR CART, THEN HEAD TO THE DRESSING ROOM TO TRY THEM ON.\n\nPURCHASE ITEMS IN YOUR CART AT THE CHECKOUT COUNTER.\n                           --->
Info Page 2	City[0]/CosmeticsRoomAnchor[0]/-- Texts UI --[0]/Info Page 2[0]	UpperLeft	-50.35139265738952	16.63082423169252	-100.6292452985689	0.07030520727807073	0.8515133180124095	-0.11656983708485627	0.5063533550388453	0.006457578916109126	0.0064654851192437685	1.0	173.14788818359375	172.7737579345703	1.0	1.0	1.0	1.0	1.0	0.0	252496	CHANGE YOUR WORN COSMETICS IN THE WARDROBE NEXT DOOR, OR IN THE TREE.\n\nYOU CAN PURCHASE MORE SHINY ROCKS AT THE ATM.\n\nNO TAG HERE! JUST CHILL OUT.
ButtonText_SunglassesHut	City[0]/CosmeticsRoomAnchor[0]/-- Texts UI --[0]/ButtonText_SunglassesHut[0]	MiddleCenter	-30.067770354771085	15.192438475906485	-107.14548631503715	0.10784262749697357	0.855211018272598	-0.19354399493101726	0.46853474145023394	0.0014950562898922693	0.001453851402296591	-0.0003376788485740124	51.538185119628906	47.84814453125	0.19607843458652496	0.19607843458652496	0.19607843458652496	1.0	1.0	0.0	252505	ADD TO CART
ButtonText_SunglassesHut	City[0]/CosmeticsRoomAnchor[0]/-- Texts UI --[0]/ButtonText_SunglassesHut[1]	MiddleCenter	-30.11415053261669	15.192438476059083	-107.22147090073042	0.10784262749697357	0.855211018272598	-0.19354399493101726	0.46853474145023394	0.0014950562898922693	0.001453851402296591	-0.0003376788485740124	51.538185119628906	47.84814453125	0.19607843458652496	0.19607843458652496	0.19607843458652496	1.0	1.0	0.0	252678	ADD TO CART
Obstacle Course Sign	City[0]/CosmeticsRoomAnchor[0]/-- Texts UI --[0]/Obstacle Course Sign[0]	MiddleCenter	-45.9606703400037	15.604439338398954	-117.53966766001513	-0.0008014846340940464	-0.5114736191910316	-0.0021036696795912286	0.8592960311021388	0.003599121927330577	0.003599119911724858	1.0	114.66641235351562	83.07730102539062	0.0	0.0	0.0	1.0	1.0	0.0	252827	MAKE IT TO THE END OF THE OBSTACLE COURSE TO UNLOCK THE COMPETITIVE QUEUE!
Unlock Comp Mode	City[0]/CosmeticsRoomAnchor[0]/-- Texts UI --[0]/Unlock Comp Mode[0]	MiddleCenter	-64.35741400356775	21.32343930854984	-154.74180399653534	-0.06718589263134245	0.9278523418662212	-0.30433453313288095	-0.20483305267336624	0.0052991408975410085	0.005299163460975518	-5.566848830776147e-05	132.87762451171875	102.14087677001953	1.0	1.0	1.0	1.0	1.0	0.0	252672	UNLOCK COMPETITIVE QUEUE\n\n\n\nONCE YOU PRESS THIS BUTTON, YOU WILL BE ABLE TO CHANGE YOUR QUEUE ON THE COMPUTER TO COMPETITIVE. HAVE FUN!
ButtonText_TryOn_01	City[0]/CosmeticsRoomAnchor[0]/-- Texts UI --[0]/ButtonText_TryOn_01[0]	MiddleCenter	-50.08854640929396	16.755600355256405	-119.12640941998461	-0.04907327447794476	0.9425563178192418	-0.2697267336331542	-0.19085829988406172	0.0008776157101549081	0.0008776156207520794	-0.0001769273525939195	55.58732604980469	58.225067138671875	0.19607843458652496	0.19607843458652496	0.19607843458652496	1.0	1.0	0.0	268143	TRY ON
ButtonText_TryOn_02	City[0]/CosmeticsRoomAnchor[0]/-- Texts UI --[0]/ButtonText_TryOn_02[0]	MiddleCenter	-50.231800227152554	16.757215891435347	-119.06641889741759	-0.04907327447794476	0.9425563178192418	-0.2697267336331542	-0.19085829988406172	0.0008776157101549081	0.0008776156207520794	-0.0001769273525939195	55.58732604980469	58.225067138671875	0.19607843458652496	0.19607843458652496	0.19607843458652496	1.0	1.0	0.0	267467	TRY ON
ButtonText_TryOn_03	City[0]/CosmeticsRoomAnchor[0]/-- Texts UI --[0]/ButtonText_TryOn_03[0]	MiddleCenter	-50.38324305960465	16.758932517772667	-119.00298192581373	-0.04907327447794476	0.9425563178192418	-0.2697267336331542	-0.19085829988406172	0.0008776157101549081	0.0008776156207520794	-0.0001769273525939195	55.58732604980469	58.225067138671875	0.19607843458652496	0.19607843458652496	0.19607843458652496	1.0	1.0	0.0	267476	TRY ON
ButtonText_TryOn_04	City[0]/CosmeticsRoomAnchor[0]/-- Texts UI --[0]/ButtonText_TryOn_04[0]	MiddleCenter	-50.0722172470023	16.684641259138623	-119.08550833213351	-0.04907327447794476	0.9425563178192418	-0.2697267336331542	-0.19085829988406172	0.0008776157101549081	0.0008776156207520794	-0.0001769273525939195	55.58732604980469	58.225067138671875	0.19607843458652496	0.19607843458652496	0.19607843458652496	1.0	1.0	0.0	267473	TRY ON
ButtonText_TryOn_05	City[0]/CosmeticsRoomAnchor[0]/-- Texts UI --[0]/ButtonText_TryOn_05[0]	MiddleCenter	-50.21547944644957	16.686266332062118	-119.02551515324758	-0.04907327447794476	0.9425563178192418	-0.2697267336331542	-0.19085829988406172	0.0008776157101549081	0.0008776156207520794	-0.0001769273525939195	55.58732604980469	58.225067138671875	0.19607843458652496	0.19607843458652496	0.19607843458652496	1.0	1.0	0.0	267471	TRY ON
ButtonText_TryOn_06	City[0]/CosmeticsRoomAnchor[0]/-- Texts UI --[0]/ButtonText_TryOn_06[0]	MiddleCenter	-50.36691920995126	16.687982958398486	-118.96209760114094	-0.04907327447794476	0.9425563178192418	-0.2697267336331542	-0.19085829988406172	0.0008776157101549081	0.0008776156207520794	-0.0001769273525939195	55.58732604980469	58.225067138671875	0.19607843458652496	0.19607843458652496	0.19607843458652496	1.0	1.0	0.0	267468	TRY ON
ButtonText_TryOn_07	City[0]/CosmeticsRoomAnchor[0]/-- Texts UI --[0]/ButtonText_TryOn_07[0]	MiddleCenter	-50.056135222370855	16.614710224005712	-119.04520917638273	-0.04907327447794476	0.9425563178192418	-0.2697267336331542	-0.19085829988406172	0.0008776157101549081	0.0008776156207520794	-0.0001769273525939195	55.58732604980469	58.225067138671875	0.19607843458652496	0.19607843458652496	0.19607843458652496	1.0	1.0	0.0	267469	TRY ON
ButtonText_TryOn_08	City[0]/CosmeticsRoomAnchor[0]/-- Texts UI --[0]/ButtonText_TryOn_08[0]	MiddleCenter	-50.19938598796574	16.616335296928916	-118.9852038870497	-0.04907327447794476	0.9425563178192418	-0.2697267336331542	-0.19085829988406172	0.0008776157101549081	0.0008776156207520794	-0.0001769273525939195	55.58732604980469	58.225067138671875	0.19607843458652496	0.19607843458652496	0.19607843458652496	1.0	1.0	0.0	267475	TRY ON
ButtonText_TryOn_09	City[0]/CosmeticsRoomAnchor[0]/-- Texts UI --[0]/ButtonText_TryOn_09[0]	MiddleCenter	-50.35082910076561	16.61805573796284	-118.92179210966827	-0.04907327447794476	0.9425563178192418	-0.2697267336331542	-0.19085829988406172	0.0008776157101549081	0.0008776156207520794	-0.0001769273525939195	55.58732604980469	58.225067138671875	0.19607843458652496	0.19607843458652496	0.19607843458652496	1.0	1.0	0.0	267465	TRY ON
ButtonText_TryOn_10	City[0]/CosmeticsRoomAnchor[0]/-- Texts UI --[0]/ButtonText_TryOn_10[0]	MiddleCenter	-50.03909464241537	16.540670759631755	-119.00253119892592	-0.04907327447794476	0.9425563178192418	-0.2697267336331542	-0.19085829988406172	0.0008776157101549081	0.0008776156207520794	-0.0001769273525939195	55.58732604980469	58.225067138671875	0.19607843458652496	0.19607843458652496	0.19607843458652496	1.0	1.0	0.0	267474	TRY ON
ButtonText_TryOn_11	City[0]/CosmeticsRoomAnchor[0]/-- Texts UI --[0]/ButtonText_TryOn_11[0]	MiddleCenter	-50.182355208476736	16.542295832555357	-118.94253235256892	-0.04907327447794476	0.9425563178192418	-0.2697267336331542	-0.19085829988406172	0.0008776157101549081	0.0008776156207520794	-0.0001769273525939195	55.58732604980469	58.225067138671875	0.19607843458652496	0.19607843458652496	0.19607843458652496	1.0	1.0	0.0	267466	TRY ON
ButtonText_TryOn_12	City[0]/CosmeticsRoomAnchor[0]/-- Texts UI --[0]/ButtonText_TryOn_12[0]	MiddleCenter	-50.333791672135604	16.54400864419388	-118.8791167143469	-0.04907327447794476	0.9425563178192418	-0.2697267336331542	-0.19085829988406172	0.0008776157101549081	0.0008776156207520794	-0.0001769273525939195	55.58732604980469	58.225067138671875	0.19607843458652496	0.19607843458652496	0.19607843458652496	1.0	1.0	0.0	267472	TRY ON
CheckoutRegister_PurchaseText	City[0]/CosmeticsRoomAnchor[0]/-- Texts UI --[0]/CheckoutRegister_PurchaseText[0]	UpperLeft	-62.23218315459661	16.590015015114435	-110.20841263069502	0.10471173599807078	-0.2694422277928392	0.03009479045754069	0.9568336542020347	0.0020000001814982704	0.001999999985613213	1.0	198.71270751953125	69.87508392333984	1.0	1.0	1.0	1.0	1.0	0.0	252903	SELECTION: BANANA HAT\nITEM COST: 500\nYOU HAVE: 2000\n\nBUY ITEM?
BalloonShack_CartText_01	City[0]/CosmeticsRoomAnchor[0]/-- Texts UI --[0]/BalloonShack_CartText_01[0]	MiddleCenter	-43.902607173675214	16.3563299704798	-103.75746098086951	0.20523470957175433	0.30047525587186746	-0.0594065221347243	0.9295505364011093	0.001495123764733201	0.001495122647951526	-0.0004153122343519953	51.538185119628906	47.84814453125	0.19607843458652496	0.19607843458652496	0.19607843458652496	1.0	1.0	0.0	252533	ADD TO CART
BalloonShack_CartText_02	City[0]/CosmeticsRoomAnchor[0]/-- Texts UI --[0]/BalloonShack_CartText_02[0]	MiddleCenter	-43.972384187675964	16.356329976897896	-103.71028035541575	0.20523470957175433	0.30047525587186746	-0.0594065221347243	0.9295505364011093	0.001495123764733201	0.001495122647951526	-0.0004153122343519953	51.538185119628906	47.84814453125	0.19607843458652496	0.19607843458652496	0.19607843458652496	1.0	1.0	0.0	252036	ADD TO CART
BalloonShack_CartText_03	City[0]/CosmeticsRoomAnchor[0]/-- Texts UI --[0]/BalloonShack_CartText_03[0]	MiddleCenter	-44.34648552571541	16.356330011301615	-103.45748832762627	0.20523470957175433	0.30047525587186746	-0.0594065221347243	0.9295505364011093	0.001495123764733201	0.001495122647951526	-0.0004153122343519953	51.538185119628906	47.84814453125	0.19607843458652496	0.19607843458652496	0.19607843458652496	1.0	1.0	0.0	252699	ADD TO CART
BalloonShack_CartText_04	City[0]/CosmeticsRoomAnchor[0]/-- Texts UI --[0]/BalloonShack_CartText_04[0]	MiddleCenter	-44.416265901378104	16.356330494556836	-103.41031539904994	0.20523470957175433	0.30047525587186746	-0.0594065221347243	0.9295505364011093	0.001495123764733201	0.001495122647951526	-0.0004153122343519953	51.538185119628906	47.84814453125	0.19607843458652496	0.19607843458652496	0.19607843458652496	1.0	1.0	0.0	251869	ADD TO CART
BalloonShack_CartText_05	City[0]/CosmeticsRoomAnchor[0]/-- Texts UI --[0]/BalloonShack_CartText_05[0]	MiddleCenter	-44.78265030466959	16.35633052827295	-103.1621620275761	0.20523470957175433	0.30047525587186746	-0.0594065221347243	0.9295505364011093	0.001495123764733201	0.001495122647951526	-0.0004153122343519953	51.538185119628906	47.84814453125	0.19607843458652496	0.19607843458652496	0.19607843458652496	1.0	1.0	0.0	251931	ADD TO CART
BalloonShack_CartText_06	City[0]/CosmeticsRoomAnchor[0]/-- Texts UI --[0]/BalloonShack_CartText_06[0]	MiddleCenter	-44.85243121243039	16.356330057853818	-103.11498906600426	0.20523470957175433	0.30047525587186746	-0.0594065221347243	0.9295505364011093	0.001495123764733201	0.001495122647951526	-0.0004153122343519953	51.538185119628906	47.84814453125	0.19607843458652496	0.19607843458652496	0.19607843458652496	1.0	1.0	0.0	252886	ADD TO CART
BalloonShack_CartText_07	City[0]/CosmeticsRoomAnchor[0]/-- Texts UI --[0]/BalloonShack_CartText_07[0]	MiddleCenter	-45.21590445882347	16.3563300912656	-102.86975808458085	0.20523470957175433	0.30047525587186746	-0.0594065221347243	0.9295505364011093	0.001495123764733201	0.001495122647951526	-0.0004153122343519953	51.538185119628906	47.84814453125	0.19607843458652496	0.19607843458652496	0.19607843458652496	1.0	1.0	0.0	253051	ADD TO CART
BalloonShack_CartText_08	City[0]/CosmeticsRoomAnchor[0]/-- Texts UI --[0]/BalloonShack_CartText_08[0]	MiddleCenter	-45.28568945429619	16.35633009768425	-102.82257696419553	0.20523470957175433	0.30047525587186746	-0.0594065221347243	0.9295505364011093	0.001495123764733201	0.001495122647951526	-0.0004153122343519953	51.538185119628906	47.84814453125	0.19607843458652496	0.19607843458652496	0.19607843458652496	1.0	1.0	0.0	251976	ADD TO CART
BalloonShack_CartText_09	City[0]/CosmeticsRoomAnchor[0]/-- Texts UI --[0]/BalloonShack_CartText_09[0]	MiddleCenter	-45.64865157789757	16.356330131095305	-102.57648373378345	0.20523470957175433	0.30047525587186746	-0.0594065221347243	0.9295505364011093	0.001495123764733201	0.001495122647951526	-0.0004153122343519953	51.538185119628906	47.84814453125	0.19607843458652496	0.19607843458652496	0.19607843458652496	1.0	1.0	0.0	252033	ADD TO CART
BalloonShack_CartText_10	City[0]/CosmeticsRoomAnchor[0]/-- Texts UI --[0]/BalloonShack_CartText_10[0]	MiddleCenter	-45.71842810925554	16.356330137513076	-102.52931082993494	0.20523470957175433	0.30047525587186746	-0.0594065221347243	0.9295505364011093	0.001495123764733201	0.001495122647951526	-0.0004153122343519953	51.538185119628906	47.84814453125	0.19607843458652496	0.19607843458652496	0.19607843458652496	1.0	1.0	0.0	252349	ADD TO CART
ButtonText_MainAisle_Headphones	City[0]/CosmeticsRoomAnchor[0]/-- Texts UI --[0]/ButtonText_MainAisle_Headphones[0]	MiddleCenter	-68.85624846127907	16.473441085449327	-124.50472239504535	0.1043182604537031	0.8447949221051723	-0.17857305999541714	0.4935087662494988	0.0014951247475987538	0.0014951235796439731	-0.0004153125217633315	51.538185119628906	47.84814453125	0.19607843458652496	0.19607843458652496	0.19607843458652496	1.0	1.0	0.0	252369	ADD TO CART
SlotPrice_MainAisle_Headphones	City[0]/CosmeticsRoomAnchor[0]/-- Texts UI --[0]/SlotPrice_MainAisle_Headphones[0]	MiddleCenter	-68.89765239639472	16.473441085296216	-124.58010494880268	0.1043182604537031	0.8447949221051723	-0.17857305999541714	0.4935087662494988	0.0014951247475987538	0.0014951235796439731	-0.0004153125217633315	51.538185119628906	47.84814453125	0.19607843458652496	0.19607843458652496	0.19607843458652496	1.0	1.0	0.0	252136	ADD TO CART
ButtonText_MainAsile_ChefHat	City[0]/CosmeticsRoomAnchor[0]/-- Texts UI --[0]/ButtonText_MainAsile_ChefHat[0]	MiddleCenter	-69.292755728854	16.47344108460961	-125.27924348163053	0.1043182604537031	0.8447949221051723	-0.17857305999541714	0.4935087662494988	0.0014951247475987538	0.0014951235796439731	-0.0004153125217633315	51.538185119628906	47.84814453125	0.19607843458652496	0.19607843458652496	0.19607843458652496	1.0	1.0	0.0	252218	ADD TO CART
SlotPrice_MainAisle_ChefHat	City[0]/CosmeticsRoomAnchor[0]/-- Texts UI --[0]/SlotPrice_MainAisle_ChefHat[0]	MiddleCenter	-69.33417375414109	16.473441084456645	-125.35464652742374	0.1043182604537031	0.8447949221051723	-0.17857305999541714	0.4935087662494988	0.0014951247475987538	0.0014951235796439731	-0.0004153125217633315	51.538185119628906	47.84814453125	0.19607843458652496	0.19607843458652496	0.19607843458652496	1.0	1.0	0.0	252371	ADD TO CART
InsideStand3_Back_01_Btn_BuyText	City[0]/CosmeticsRoomAnchor[0]/-- Texts UI --[0]/InsideStand3_Back_01_Btn_BuyText[0]	MiddleCenter	-65.53341669369536	16.435439994642657	-119.49114582657322	0.1979953560006309	0.2542557453334111	-0.05326273055888341	0.945153393106403	0.0014951243252718587	0.0014951235788041729	-0.00041531206966261946	51.538185119628906	47.84814453125	0.19607843458652496	0.19607843458652496	0.19607843458652496	1.0	1.0	0.0	253416	ADD TO CART
InsideStand3_Back_01_Btn_PriceText	City[0]/CosmeticsRoomAnchor[0]/-- Texts UI --[0]/InsideStand3_Back_01_Btn_PriceText[0]	MiddleCenter	-65.45729166463434	16.435439987921285	-119.53529558748305	0.1979953560006309	0.2542557453334111	-0.05326273055888341	0.945153393106403	0.0014951243252718587	0.0014951235788041729	-0.00041531206966261946	51.538185119628906	47.84814453125	0.19607843458652496	0.19607843458652496	0.19607843458652496	1.0	1.0	0.0	262153	ADD TO CART
InsideStand3_Back_02_Btn_BuyText	City[0]/CosmeticsRoomAnchor[0]/-- Texts UI --[0]/InsideStand3_Back_02_Btn_BuyText[0]	MiddleCenter	-64.79814243501221	16.435439929721667	-119.9175995745826	0.1979953560006309	0.2542557453334111	-0.05326273055888341	0.945153393106403	0.0014951243252718587	0.0014951235788041729	-0.00041531206966261946	51.538185119628906	47.84814453125	0.19607843458652496	0.19607843458652496	0.19607843458652496	1.0	1.0	0.0	253430	ADD TO CART
InsideStand3_Back_02_Btn_PriceText	City[0]/CosmeticsRoomAnchor[0]/-- Texts UI --[0]/InsideStand3_Back_02_Btn_PriceText[0]	MiddleCenter	-64.72201836289352	16.435439923000295	-119.96175098541383	0.1979953560006309	0.2542557453334111	-0.05326273055888341	0.945153393106403	0.0014951243252718587	0.0014951235788041729	-0.00041531206966261946	51.538185119628906	47.84814453125	0.19607843458652496	0.19607843458652496	0.19607843458652496	1.0	1.0	0.0	262188	ADD TO CART
InsideStand3_Back_03_Btn_BuyText	City[0]/CosmeticsRoomAnchor[0]/-- Texts UI --[0]/InsideStand3_Back_03_Btn_BuyText[0]	MiddleCenter	-63.87647337587882	16.471439148612486	-120.46718542892677	0.19971044721737544	0.2541590339027095	-0.05372414198329246	0.9447923789521359	0.0014951244172197525	0.00149512308833992	-0.00041531229841669417	51.538185119628906	47.84814453125	0.19607843458652496	0.19607843458652496	0.19607843458652496	1.0	1.0	0.0	253405	ADD TO CART
InsideStand3_Back_03_Btn_PriceText	City[0]/CosmeticsRoomAnchor[0]/-- Texts UI --[0]/InsideStand3_Back_03_Btn_PriceText[0]	MiddleCenter	-63.800350128720794	16.47143914189119	-120.51133636128678	0.19971044721737544	0.2541590339027095	-0.05372414198329246	0.9447923789521359	0.0014951244172197525	0.00149512308833992	-0.00041531229841669417	51.538185119628906	47.84814453125	0.19607843458652496	0.19607843458652496	0.19607843458652496	1.0	1.0	0.0	262160	ADD TO CART
InsideStand3_Back_04_Btn_BuyText	City[0]/CosmeticsRoomAnchor[0]/-- Texts UI --[0]/InsideStand3_Back_04_Btn_BuyText[0]	MiddleCenter	-62.831509140214806	16.471439056347272	-121.07326153188397	0.19971044721737544	0.2541590339027095	-0.05372414198329246	0.9447923789521359	0.0014951244172197525	0.00149512308833992	-0.00041531229841669417	51.538185119628906	47.84814453125	0.19607843458652496	0.19607843458652496	0.19607843458652496	1.0	1.0	0.0	253437	ADD TO CART
InsideStand3_Back_04_Btn_PriceText	City[0]/CosmeticsRoomAnchor[0]/-- Texts UI --[0]/InsideStand3_Back_04_Btn_PriceText[0]	MiddleCenter	-62.75538892893627	16.47143904962641	-121.11740629357381	0.19971044721737544	0.2541590339027095	-0.05372414198329246	0.9447923789521359	0.0014951244172197525	0.00149512308833992	-0.00041531229841669417	51.538185119628906	47.84814453125	0.19607843458652496	0.19607843458652496	0.19607843458652496	1.0	1.0	0.0	262166	ADD TO CART
InsideStand3_Back_05_Btn_BuyText	City[0]/CosmeticsRoomAnchor[0]/-- Texts UI --[0]/InsideStand3_Back_05_Btn_BuyText[0]	MiddleCenter	-62.06336158421428	16.471438988523907	-121.51877714451345	0.19971044721737544	0.2541590339027095	-0.05372414198329246	0.9447923789521359	0.0014951244172197525	0.00149512308833992	-0.00041531229841669417	51.538185119628906	47.84814453125	0.19607843458652496	0.19607843458652496	0.19607843458652496	1.0	1.0	0.0	253411	ADD TO CART
InsideStand3_Back_05_Btn_PriceText	City[0]/CosmeticsRoomAnchor[0]/-- Texts UI --[0]/InsideStand3_Back_05_Btn_PriceText[0]	MiddleCenter	-61.98724384781781	16.471438981803264	-121.56292047078962	0.19971044721737544	0.2541590339027095	-0.05372414198329246	0.9447923789521359	0.0014951244172197525	0.00149512308833992	-0.00041531229841669417	51.538185119628906	47.84814453125	0.19607843458652496	0.19607843458652496	0.19607843458652496	1.0	1.0	0.0	262161	ADD TO CART
InsideStand3_Front_01_Btn_BuyText	City[0]/CosmeticsRoomAnchor[0]/-- Texts UI --[0]/InsideStand3_Front_01_Btn_BuyText[0]	MiddleCenter	-60.767705829961486	16.43244130645147	-120.04027438068795	-0.05019741811188196	0.941115323466015	-0.1987935316823232	-0.26881833812749484	0.0014951239733626413	0.0014951232975985319	-0.000415312237601108	51.538185119628906	47.84814453125	0.19607843458652496	0.19607843458652496	0.19607843458652496	1.0	1.0	0.0	264969	ADD TO CART
InsideStand3_Front_01_Btn_PriceText	City[0]/CosmeticsRoomAnchor[0]/-- Texts UI --[0]/InsideStand3_Front_01_Btn_PriceText[0]	MiddleCenter	-60.840367542087535	16.43244131286713	-119.99813111359136	-0.05019741811188196	0.941115323466015	-0.1987935316823232	-0.26881833812749484	0.0014951239733626413	0.0014951232975985319	-0.000415312237601108	51.538185119628906	47.84814453125	0.19607843458652496	0.19607843458652496	0.19607843458652496	1.0	1.0	0.0	264968	ADD TO CART
InsideStand3_Front_02_Btn_BuyText	City[0]/CosmeticsRoomAnchor[0]/-- Texts UI --[0]/InsideStand3_Front_02_Btn_BuyText[0]	MiddleCenter	-61.31273628981653	16.432441354264636	-119.73225720242674	-0.05019741811188196	0.941115323466015	-0.1987935316823232	-0.26881833812749484	0.0014951239733626413	0.0014951232975985319	-0.000415312237601108	51.538185119628906	47.84814453125	0.19607843458652496	0.19607843458652496	0.19607843458652496	1.0	1.0	0.0	262851	ADD TO CART
InsideStand3_Front_02_Btn_PriceText	City[0]/CosmeticsRoomAnchor[0]/-- Texts UI --[0]/InsideStand3_Front_02_Btn_PriceText[0]	MiddleCenter	-61.38540004780882	16.432441360680226	-119.6901193635656	-0.05019741811188196	0.941115323466015	-0.1987935316823232	-0.26881833812749484	0.0014951239733626413	0.0014951232975985319	-0.000415312237601108	51.538185119628906	47.84814453125	0.19607843458652496	0.19607843458652496	0.19607843458652496	1.0	1.0	0.0	262852	ADD TO CART
InsideStand3_Front_03_Btn_BuyText	City[0]/CosmeticsRoomAnchor[0]/-- Texts UI --[0]/InsideStand3_Front_03_Btn_BuyText[0]	MiddleCenter	-61.846406007661685	16.42343871546091	-119.41463167476347	-0.05019741811188196	0.941115323466015	-0.1987935316823232	-0.26881833812749484	0.0014951239733626413	0.0014951232975985319	-0.000415312237601108	51.538185119628906	47.84814453125	0.19607843458652496	0.19607843458652496	0.19607843458652496	1.0	1.0	0.0	267354	ADD TO CART
InsideStand3_Front_03_Btn_PriceText	City[0]/CosmeticsRoomAnchor[0]/-- Texts UI --[0]/InsideStand3_Front_03_Btn_PriceText[0]	MiddleCenter	-61.91993653537014	16.42344062930198	-119.3719867058589	-0.05019741811188196	0.941115323466015	-0.1987935316823232	-0.26881833812749484	0.0014951239733626413	0.0014951232975985319	-0.000415312237601108	51.538185119628906	47.84814453125	0.19607843458652496	0.19607843458652496	0.19607843458652496	1.0	1.0	0.0	267355	ADD TO CART
InsideStand3_Front_04_Btn_BuyText	City[0]/CosmeticsRoomAnchor[0]/-- Texts UI --[0]/InsideStand3_Front_04_Btn_BuyText[0]	MiddleCenter	-62.82414861511518	16.43244148868948	-118.8302105889878	-0.05019741811188196	0.941115323466015	-0.1987935316823232	-0.26881833812749484	0.0014951239733626413	0.0014951232975985319	-0.000415312237601108	51.538185119628906	47.84814453125	0.19607843458652496	0.19607843458652496	0.19607843458652496	1.0	1.0	0.0	264158	ADD TO CART
InsideStand3_Front_04_Btn_PriceText	City[0]/CosmeticsRoomAnchor[0]/-- Texts UI --[0]/InsideStand3_Front_04_Btn_PriceText[0]	MiddleCenter	-62.89682144767496	16.43243958775709	-118.78806748694304	-0.05019741811188196	0.941115323466015	-0.1987935316823232	-0.26881833812749484	0.0014951239733626413	0.0014951232975985319	-0.000415312237601108	51.538185119628906	47.84814453125	0.19607843458652496	0.19607843458652496	0.19607843458652496	1.0	1.0	0.0	264157	ADD TO CART
InsideStand3_Front_05_Btn_BuyText	City[0]/CosmeticsRoomAnchor[0]/-- Texts UI --[0]/InsideStand3_Front_05_Btn_BuyText[0]	MiddleCenter	-63.539177870171955	16.43244155177782	-118.4166762350523	-0.05019741811188196	0.941115323466015	-0.1987935316823232	-0.26881833812749484	0.0014951239733626413	0.0014951232975985319	-0.000415312237601108	51.538185119628906	47.84814453125	0.19607843458652496	0.19607843458652496	0.19607843458652496	1.0	1.0	0.0	253105	ADD TO CART
InsideStand3_Front_05_Btn_PriceText	City[0]/CosmeticsRoomAnchor[0]/-- Texts UI --[0]/InsideStand3_Front_05_Btn_PriceText[0]	MiddleCenter	-63.611836579489434	16.432441558193553	-118.37452588979883	-0.05019741811188196	0.941115323466015	-0.1987935316823232	-0.26881833812749484	0.0014951239733626413	0.0014951232975985319	-0.000415312237601108	51.538185119628906	47.84814453125	0.19607843458652496	0.19607843458652496	0.19607843458652496	1.0	1.0	0.0	253106	ADD TO CART
InsideStand3_Front_06_Btn_BuyText	City[0]/CosmeticsRoomAnchor[0]/-- Texts UI --[0]/InsideStand3_Front_06_Btn_BuyText[0]	MiddleCenter	-64.34270459317659	16.462440404092415	-117.95640027016879	-0.05019741811188196	0.941115323466015	-0.1987935316823232	-0.26881833812749484	0.0014951239733626413	0.0014951232975985319	-0.000415312237601108	51.538185119628906	47.84814453125	0.19607843458652496	0.19607843458652496	0.19607843458652496	1.0	1.0	0.0	259643	ADD TO CART
InsideStand3_Front_06_Btn_PriceText	City[0]/CosmeticsRoomAnchor[0]/-- Texts UI --[0]/InsideStand3_Front_06_Btn_PriceText[0]	MiddleCenter	-64.41536713026332	16.46244041050815	-117.91425652460096	-0.05019741811188196	0.941115323466015	-0.1987935316823232	-0.26881833812749484	0.0014951239733626413	0.0014951232975985319	-0.000415312237601108	51.538185119628906	47.84814453125	0.19607843458652496	0.19607843458652496	0.19607843458652496	1.0	1.0	0.0	259642	ADD TO CART
WallScreenBasementText	CityToBasement[0]/WallScreenForBasement[0]/Canvas (1)[0]/WallScreenBasementText[0]	UpperLeft	-41.52899668206811	17.042480801375007	-94.42467665273	0.0016769634541736276	0.26701411589477897	0.0025774655382676697	0.9636877120612787	0.004000002369600924	0.004000000199474167	1.0000001934635245	188.69357299804688	71.56771850585938	1.0	1.0	1.0	1.0	1.0	0.0	254685	WELCOME TO GORILLA TAG!\n\nHEAD DOWN THIS HALLWAY TO AUTOMATICALLY JOIN A PUBLIC GAME, OR USE THE TERMINAL TO JOIN A SPECIFIC ROOM OR ADJUST YOUR SETTINGS.
WallScreenCity Back	CityToMountain[0]/mountainentrance[0]/Canvas[0]/WallScreenCity Back[0]	UpperLeft	-25.394660274192006	17.986373661349944	-103.67023412269836	0.03351553414270611	0.9430416798087776	-0.10419595545499298	0.3141533096775986	0.004000003438538044	0.004000000533000328	1.0000002996215724	188.69357299804688	71.56771850585938	1.0	1.0	1.0	1.0	1.0	0.0	252905	WELCOME TO GORILLA TAG!\n\nHEAD DOWN THIS HALLWAY TO AUTOMATICALLY JOIN A PUBLIC GAME, OR USE THE TERMINAL TO JOIN A SPECIFIC ROOM OR ADJUST YOUR SETTINGS.
