button	CosmeticStand	TORTOISESHELL SUNGLASSES	TORTOISESHELL SUNGLASSES	CosmeticsRoomAnchor[0]/outerstores[0]/Bottom Floor[0]/OutsideBuildings[0]/-- SunglassesAnchor UI --[0]/TORTOISESHELL SUNGLASSES[0]	-29.50542574749344	15.168587972078726	-106.31607652106395	-0.19354391477662305	-0.4685346814573787	-0.10784255803135086	0.8552110780397004	0.08305869585234449	0.08076951611224972	0.06753577962235492	0.0	0.0	0.0	2.1947710514068604	0.9999998807907104	0.9999998807907104	cube	-29.50542574749344	15.168587972078726	-106.31607652106395	-0.19354391477662305	-0.4685346814573787	-0.10784255803135086	0.8552110780397004	0.18256300968132783	0.08076951611224972	0.06753577962235492	253446	262171
button	CosmeticStand	AVIATORS	AVIATORS	CosmeticsRoomAnchor[0]/outerstores[0]/Bottom Floor[0]/OutsideBuildings[0]/-- SunglassesAnchor UI --[0]/AVIATORS[0]	-29.367382014621356	15.178887211836951	-106.05695244178065	-0.19255557302677245	-0.4807507232849417	-0.10960388823635067	0.8484032537896176	0.08306209377368003	0.08076892762952757	0.067521392566079	0.0	0.0	0.0	2.1947710514068604	0.9999998807907104	0.9999998807907104	cube	-29.367382014621356	15.178887211836951	-106.05695244178065	-0.19255557302677245	-0.4807507232849417	-0.10960388823635067	0.8484032537896176	0.18257047831226778	0.08076892762952757	0.067521392566079	253417	262154
button	CosmeticStand	ROUND SUNGLASSES	ROUND SUNGLASSES	CosmeticsRoomAnchor[0]/outerstores[0]/Bottom Floor[0]/OutsideBuildings[0]/-- SunglassesAnchor UI --[0]/ROUND SUNGLASSES[0]	-29.67120125395679	15.169233152703127	-106.57859034552142	-0.19354391477662305	-0.4685346814573787	-0.10784255803135086	0.8552110780397004	0.08305869585234449	0.08076951611224972	0.06753577962235492	0.0	0.0	0.0	2.1947710514068604	0.9999998807907104	0.9999998807907104	cube	-29.67120125395679	15.169233152703127	-106.57859034552142	-0.19354391477662305	-0.4685346814573787	-0.10784255803135086	0.8552110780397004	0.18256300968132783	0.08076951611224972	0.06753577962235492	253423	262183
button	CosmeticStand	TRIANGLE SUNGLASSES	TRIANGLE SUNGLASSES	CosmeticsRoomAnchor[0]/outerstores[0]/Bottom Floor[0]/OutsideBuildings[0]/-- SunglassesAnchor UI --[0]/TRIANGLE SUNGLASSES[0]	-29.860071908970756	15.17013436074928	-106.87854740859831	-0.19354391477662305	-0.4685346814573787	-0.10784255803135086	0.8552110780397004	0.08305869585234449	0.08076951611224972	0.06753577962235492	0.0	0.0	0.0	2.1947710514068604	0.9999998807907104	0.9999998807907104	cube	-29.860071908970756	15.17013436074928	-106.87854740859831	-0.19354391477662305	-0.4685346814573787	-0.10784255803135086	0.8552110780397004	0.18256300968132783	0.08076951611224972	0.06753577962235492	253434	262170
button	CosmeticStand	BOXY SUNGLASSES	BOXY SUNGLASSES	CosmeticsRoomAnchor[0]/outerstores[0]/Bottom Floor[0]/OutsideBuildings[0]/-- SunglassesAnchor UI --[0]/BOXY SUNGLASSES[0]	-30.06692408119434	15.171715131903396	-107.2031481806817	-0.19354391477662305	-0.4685346814573787	-0.10784255803135086	0.8552110780397004	0.08305869585234449	0.08076951611224972	0.06753577962235492	0.0	0.0	0.0	2.1947710514068604	0.9999998807907104	0.9999998807907104	cube	-30.06692408119434	15.171715131903396	-107.2031481806817	-0.19354391477662305	-0.4685346814573787	-0.10784255803135086	0.8552110780397004	0.18256300968132783	0.08076951611224972	0.06753577962235492	252505	252678
button	CosmeticStand	BIG EYEBROWS	BIG EYEBROWS	CosmeticsRoomAnchor[0]/outerstores[0]/Bottom Floor[0]/OutsideBuildings[0]/EyebrowsAnchor[0]/BIG EYEBROWS[0]	-51.84024546980683	16.486445381809116	-95.75303089469148	-0.20485652474566624	0.03174697686695503	0.00664664943502222	0.9782544432713941	0.08306251405713236	0.0830624452180541	0.08306247463410481	0.0	0.0	0.0	2.1947710514068604	0.9999998807907104	0.9999998807907104	cube	-51.84024546980683	16.486445381809116	-95.75303089469148	-0.20485652474566624	0.03174697686695503	0.00664664943502222	0.9782544432713941	0.18257140209527678	0.0830624452180541	0.08306247463410481	253441	262177
button	CosmeticStand	FINGER FLAG	FINGER FLAG	CosmeticsRoomAnchor[0]/outerstores[0]/Bottom Floor[0]/OutsideBuildings[0]/FlashbackHut[0]/PaintBrawlFlashback[0]/FINGER FLAG[0]	-47.648856098896715	16.41314070460632	-102.70633524703413	-0.1886676130711546	-0.45805135591189583	-0.10015419615887586	0.8628804228379945	0.08306242066750864	0.08306235871010535	0.08306239905140136	0.0	0.0	0.0	2.1947710514068604	0.9999998807907104	0.9999998807907104	CosmeticsRoomAnchor[0]/outerstores[0]/Bottom Floor[0]/OutsideBuildings[0]/FlashbackHut[0]/PaintBrawlFlashback[0]/FINGER FLAG[0]/PlasticButtonOff[0]	-47.648856098896715	16.41314070460632	-102.70633524703413	-0.18866761307115462	-0.4580513559118959	-0.10015419615887587	0.8628804228379947	0.18257119682488815	0.08306235871010535	0.08306239905140136	266516	257958
button	CosmeticStand	ROCKIN MOHAWK	ROCKIN MOHAWK	CosmeticsRoomAnchor[0]/outerstores[0]/Bottom Floor[0]/OutsideBuildings[0]/FlashbackHut[0]/PaintBrawlFlashback[0]/ROCKIN MOHAWK[0]	-46.84012668265678	16.401441913487364	-101.7850250489682	0.0558986635224886	0.9428744647453059	0.2061600400888288	-0.2556582113256391	0.0830624184654049	0.08306238043467636	0.08306239278760931	0.0	0.0	0.0	2.1947710514068604	0.9999998807907104	0.9999998807907104	CosmeticsRoomAnchor[0]/outerstores[0]/Bottom Floor[0]/OutsideBuildings[0]/FlashbackHut[0]/PaintBrawlFlashback[0]/ROCKIN MOHAWK[0]/PlasticButtonOff[0]	-46.84012668265678	16.401441913487364	-101.7850250489682	0.0558986635224886	0.9428744647453059	0.2061600400888288	-0.2556582113256391	0.1825711919846642	0.08306238043467636	0.08306239278760931	265464	267371
button	CosmeticStand	SPIKED ARMOR SET	SPIKED ARMOR SET	CosmeticsRoomAnchor[0]/outerstores[0]/Bottom Floor[0]/OutsideBuildings[0]/FlashbackHut[0]/PaintBrawlFlashback[0]/SPIKED ARMOR SET[0]	-49.10324935066054	16.43243913790285	-101.72031587545017	-0.18527259397265108	-0.4861762062083971	-0.10630366712399104	0.847352519790581	0.08306243275192385	0.08306236676090961	0.08306240228179909	0.0	0.0	0.0	2.1947710514068604	0.9999998807907104	0.9999998807907104	CosmeticsRoomAnchor[0]/outerstores[0]/Bottom Floor[0]/OutsideBuildings[0]/FlashbackHut[0]/PaintBrawlFlashback[0]/SPIKED ARMOR SET[0]/PlasticButtonOff[0]	-49.10324935066054	16.43243913790285	-101.72031587545017	-0.18527259397265108	-0.4861762062083971	-0.10630366712399104	0.847352519790581	0.1825712233864322	0.08306236676090961	0.08306240228179909	256021	262382
button	CosmeticStand	CARDBOARD ARMOR SET	CARDBOARD ARMOR SET	CosmeticsRoomAnchor[0]/outerstores[0]/Bottom Floor[0]/OutsideBuildings[0]/FlashbackHut[0]/PaintBrawlFlashback[0]/CARDBOARD ARMOR SET[0]	-48.28804758013028	16.339440037359918	-102.21532125302595	-0.10630360866524481	0.8473536150422548	0.18527332718465425	0.48617403066545706	0.08306240547259482	0.083062356823425	0.08306239642212558	0.0	0.0	0.0	2.1947710514068604	0.9999998807907104	0.9999998807907104	CosmeticsRoomAnchor[0]/outerstores[0]/Bottom Floor[0]/OutsideBuildings[0]/FlashbackHut[0]/PaintBrawlFlashback[0]/CARDBOARD ARMOR SET[0]/PlasticButtonOff[0]	-48.28804758013028	16.339440037359918	-102.21532125302595	-0.1063036086652448	0.8473536150422547	0.18527332718465422	0.48617403066545706	0.1825711634264682	0.083062356823425	0.08306239642212558	267007	253497
button	CosmeticStand	PAINTBALL FOREST VEST	PAINTBALL FOREST VEST	CosmeticsRoomAnchor[0]/outerstores[0]/Bottom Floor[0]/OutsideBuildings[0]/FlashbackHut[0]/PaintBrawlFlashback[0]/PAINTBALL FOREST VEST[0]	-48.45084405827857	16.401440560128627	-100.84293011527669	0.0558986635224886	0.9428744647453059	0.2061600400888288	-0.2556582113256391	0.0830624184654049	0.08306238043467636	0.08306239278760931	0.0	0.0	0.0	2.1947710514068604	0.9999998807907104	0.9999998807907104	CosmeticsRoomAnchor[0]/outerstores[0]/Bottom Floor[0]/OutsideBuildings[0]/FlashbackHut[0]/PaintBrawlFlashback[0]/PAINTBALL FOREST VEST[0]/PlasticButtonOff[0]	-48.45084405827857	16.401440560128627	-100.84293011527669	0.0558986635224886	0.9428744647453059	0.2061600400888288	-0.2556582113256391	0.1825711919846642	0.08306238043467636	0.08306239278760931	268557	265547
button	CosmeticStand	PAINTBALL SNOW VEST	PAINTBALL SNOW VEST	CosmeticsRoomAnchor[0]/outerstores[0]/Bottom Floor[0]/OutsideBuildings[0]/FlashbackHut[0]/PaintBrawlFlashback[0]/PAINTBALL SNOW VEST[0]	-47.63710825618573	16.401441469371193	-101.31946255669094	0.0558986635224886	0.9428744647453059	0.2061600400888288	-0.2556582113256391	0.0830624184654049	0.08306238043467636	0.08306239278760931	0.0	0.0	0.0	2.1947710514068604	0.9999998807907104	0.9999998807907104	CosmeticsRoomAnchor[0]/outerstores[0]/Bottom Floor[0]/OutsideBuildings[0]/FlashbackHut[0]/PaintBrawlFlashback[0]/PAINTBALL SNOW VEST[0]/PlasticButtonOff[0]	-47.63710825618573	16.401441469371193	-101.31946255669094	0.0558986635224886	0.9428744647453059	0.2061600400888288	-0.2556582113256391	0.1825711919846642	0.08306238043467636	0.08306239278760931	255364	257362
button	CosmeticStand	GORILLA ARMOR	GORILLA ARMOR	CosmeticsRoomAnchor[0]/outerstores[0]/Bottom Floor[0]/OutsideBuildings[0]/FlashbackHut[0]/PaintBrawlFlashback[0]/GORILLA ARMOR[0]	-49.25163696031145	16.40144017198846	-100.37397551765011	0.0558986635224886	0.9428744647453059	0.2061600400888288	-0.2556582113256391	0.0830624184654049	0.08306238043467636	0.08306239278760931	0.0	0.0	0.0	2.1947710514068604	0.9999998807907104	0.9999998807907104	CosmeticsRoomAnchor[0]/outerstores[0]/Bottom Floor[0]/OutsideBuildings[0]/FlashbackHut[0]/PaintBrawlFlashback[0]/GORILLA ARMOR[0]/PlasticButtonOff[0]	-49.25163696031145	16.40144017198846	-100.37397551765011	0.0558986635224886	0.9428744647453059	0.2061600400888288	-0.2556582113256391	0.1825711919846642	0.08306238043467636	0.08306239278760931	258778	267427
button	CosmeticStand	PAINTBALL SNOW VISOR	PAINTBALL SNOW VISOR	CosmeticsRoomAnchor[0]/outerstores[0]/Bottom Floor[0]/OutsideBuildings[0]/FlashbackHut[0]/PaintBrawlFlashback[0]/PAINTBALL SNOW VISOR[0]	-47.25828040233142	16.401443859617398	-101.54130352709235	0.0558986635224886	0.9428744647453059	0.2061600400888288	-0.2556582113256391	0.0830624184654049	0.08306238043467636	0.08306239278760931	0.0	0.0	0.0	2.1947710514068604	0.9999998807907104	0.9999998807907104	CosmeticsRoomAnchor[0]/outerstores[0]/Bottom Floor[0]/OutsideBuildings[0]/FlashbackHut[0]/PaintBrawlFlashback[0]/PAINTBALL SNOW VISOR[0]/PlasticButtonOff[0]	-47.25828040233142	16.401443859617398	-101.54130352709235	0.0558986635224886	0.9428744647453059	0.2061600400888288	-0.2556582113256391	0.1825711919846642	0.08306238043467636	0.08306239278760931	262320	254221
button	CosmeticStand	PAINTBALL FOREST VISOR	PAINTBALL FOREST VISOR	CosmeticsRoomAnchor[0]/outerstores[0]/Bottom Floor[0]/OutsideBuildings[0]/FlashbackHut[0]/PaintBrawlFlashback[0]/PAINTBALL FOREST VISOR[0]	-48.07806160168848	16.401440976663917	-101.06123553295451	0.0558986635224886	0.9428744647453059	0.2061600400888288	-0.2556582113256391	0.0830624184654049	0.08306238043467636	0.08306239278760931	0.0	0.0	0.0	2.1947710514068604	0.9999998807907104	0.9999998807907104	CosmeticsRoomAnchor[0]/outerstores[0]/Bottom Floor[0]/OutsideBuildings[0]/FlashbackHut[0]/PaintBrawlFlashback[0]/PAINTBALL FOREST VISOR[0]/PlasticButtonOff[0]	-48.07806160168848	16.401440976663917	-101.06123553295451	0.0558986635224886	0.9428744647453059	0.2061600400888288	-0.2556582113256391	0.1825711919846642	0.08306238043467636	0.08306239278760931	265917	256958
button	CosmeticStand	PAINTBALL GORILLA VISOR	PAINTBALL GORILLA VISOR	CosmeticsRoomAnchor[0]/outerstores[0]/Bottom Floor[0]/OutsideBuildings[0]/FlashbackHut[0]/PaintBrawlFlashback[0]/PAINTBALL GORILLA VISOR[0]	-48.887482757517425	16.401440072242398	-100.58722979481752	0.0558986635224886	0.9428744647453059	0.2061600400888288	-0.2556582113256391	0.0830624184654049	0.08306238043467636	0.08306239278760931	0.0	0.0	0.0	2.1947710514068604	0.9999998807907104	0.9999998807907104	CosmeticsRoomAnchor[0]/outerstores[0]/Bottom Floor[0]/OutsideBuildings[0]/FlashbackHut[0]/PaintBrawlFlashback[0]/PAINTBALL GORILLA VISOR[0]/PlasticButtonOff[0]	-48.887482757517425	16.401440072242398	-100.58722979481752	0.0558986635224886	0.9428744647453059	0.2061600400888288	-0.2556582113256391	0.1825711919846642	0.08306238043467636	0.08306239278760931	266473	267550
button	CosmeticStand	STAR BALLOON	STAR BALLOON	CosmeticsRoomAnchor[0]/outerstores[0]/Bottom Floor[0]/OutsideBuildings[0]/Balloon Hut[0]/STAR BALLOON[0]	-45.66172373666668	16.338437298799192	-102.52063085138548	0.06256929009870887	0.9340793375410601	0.20429410626982966	-0.2860852901825075	0.08306241162558319	0.08306234111172733	0.0830623820856219	0.0	0.0	0.0	2.1947710514068604	0.9999998807907104	0.9999998807907104	cube	-45.66172373666668	16.338437298799192	-102.52063085138548	0.06256929009870887	0.9340793375410601	0.20429410626982966	-0.2860852901825075	0.18257117695073638	0.08306234111172733	0.0830623820856219	252349	252033
button	CosmeticStand	DIAMOND BALLOON	DIAMOND BALLOON	CosmeticsRoomAnchor[0]/outerstores[0]/Bottom Floor[0]/OutsideBuildings[0]/Balloon Hut[0]/DIAMOND BALLOON[0]	-45.228984871387006	16.338439177229187	-102.81389739732393	0.06256929009870887	0.9340793375410601	0.20429410626982966	-0.2860852901825075	0.08306241162558319	0.08306234111172733	0.0830623820856219	0.0	0.0	0.0	2.1947710514068604	0.9999998807907104	0.9999998807907104	cube	-45.228984871387006	16.338439177229187	-102.81389739732393	0.06256929009870887	0.9340793375410601	0.20429410626982966	-0.2860852901825075	0.18257117695073638	0.08306234111172733	0.0830623820856219	251976	253051
button	CosmeticStand	CHOCOLATE DONUT BALLOON	CHOCOLATE DONUT BALLOON	CosmeticsRoomAnchor[0]/outerstores[0]/Bottom Floor[0]/OutsideBuildings[0]/Balloon Hut[0]/CHOCOLATE DONUT BALLOON[0]	-44.795725499118014	16.33843959620848	-103.10630915410684	0.06256929009870887	0.9340793375410601	0.20429410626982966	-0.2860852901825075	0.08306241162558319	0.08306234111172733	0.0830623820856219	0.0	0.0	0.0	2.1947710514068604	0.9999998807907104	0.9999998807907104	cube	-44.795725499118014	16.33843959620848	-103.10630915410684	0.06256929009870887	0.9340793375410601	0.20429410626982966	-0.2860852901825075	0.18257117695073638	0.08306234111172733	0.0830623820856219	252886	251931
button	CosmeticStand	PINK DONUT BALLOON	PINK DONUT BALLOON	CosmeticsRoomAnchor[0]/outerstores[0]/Bottom Floor[0]/OutsideBuildings[0]/Balloon Hut[0]/PINK DONUT BALLOON[0]	-44.35956047104358	16.338439090651974	-103.401628020606	0.06256929009870887	0.9340793375410601	0.20429410626982966	-0.2860852901825075	0.08306241162558319	0.08306234111172733	0.0830623820856219	0.0	0.0	0.0	2.1947710514068604	0.9999998807907104	0.9999998807907104	cube	-44.35956047104358	16.338439090651974	-103.401628020606	0.06256929009870887	0.9340793375410601	0.20429410626982966	-0.2860852901825075	0.18257117695073638	0.08306234111172733	0.0830623820856219	251869	252699
button	CosmeticStand	HEART BALLOON	HEART BALLOON	CosmeticsRoomAnchor[0]/outerstores[0]/Bottom Floor[0]/OutsideBuildings[0]/Balloon Hut[0]/HEART BALLOON[0]	-43.91568335351274	16.33843950939156	-103.701601513897	0.06256929009870887	0.9340793375410601	0.20429410626982966	-0.2860852901825075	0.08306241162558319	0.08306234111172733	0.0830623820856219	0.0	0.0	0.0	2.1947710514068604	0.9999998807907104	0.9999998807907104	cube	-43.91568335351274	16.33843950939156	-103.701601513897	0.06256929009870887	0.9340793375410601	0.20429410626982966	-0.2860852901825075	0.18257117695073638	0.08306234111172733	0.0830623820856219	252036	252533
button	CosmeticStand	LFACZ.	LFACZ.	CosmeticsRoomAnchor[0]/outerstores[0]/Bottom Floor[0]/OutsideBuildings[0]/SeasonalStore[0]/SeasonalAdditions07Caves[0]/LFACZ.[0]	-48.030631589852405	18.158437648513882	-112.12870217706586	-0.18453905595246914	-0.49198032099692457	-0.10757406034170716	0.8439955699655854	0.0830624480084973	0.08306238357973107	0.08306241460657045	0.0	0.0	0.0	2.1947710514068604	0.9999998807907104	0.9999998807907104	CosmeticsRoomAnchor[0]/outerstores[0]/Bottom Floor[0]/OutsideBuildings[0]/SeasonalStore[0]/SeasonalAdditions07Caves[0]/LFACZ.[0]/PlasticButtonOff[0]	-48.030631589852405	18.158437648513882	-112.12870217706586	-0.18453905595246914	-0.49198032099692457	-0.10757406034170716	0.8439955699655854	0.18257125692037993	0.08306238357973107	0.08306241460657045	259140	262279
button	CosmeticStand	LFACY.	LFACY.	CosmeticsRoomAnchor[0]/outerstores[0]/Bottom Floor[0]/OutsideBuildings[0]/SeasonalStore[0]/SeasonalAdditions07Caves[0]/LFACY.[0]	-47.81634816187989	18.158437691407194	-111.75345980458201	-0.18453905595246914	-0.49198032099692457	-0.10757406034170716	0.8439955699655854	0.0830624480084973	0.08306238357973107	0.08306241460657045	0.0	0.0	0.0	2.1947710514068604	0.9999998807907104	0.9999998807907104	CosmeticsRoomAnchor[0]/outerstores[0]/Bottom Floor[0]/OutsideBuildings[0]/SeasonalStore[0]/SeasonalAdditions07Caves[0]/LFACY.[0]/PlasticButtonOff[0]	-47.81634816187989	18.158437691407194	-111.75345980458201	-0.18453905595246914	-0.49198032099692457	-0.10757406034170716	0.8439955699655854	0.18257125692037993	0.08306238357973107	0.08306241460657045	265933	266389
button	CosmeticStand	LFACX.	LFACX.	CosmeticsRoomAnchor[0]/outerstores[0]/Bottom Floor[0]/OutsideBuildings[0]/SeasonalStore[0]/SeasonalAdditions07Caves[0]/LFACX.[0]	-47.60171454388818	18.158437734674354	-111.3737555284153	-0.18453905595246914	-0.49198032099692457	-0.10757406034170716	0.8439955699655854	0.0830624480084973	0.08306238357973107	0.08306241460657045	0.0	0.0	0.0	2.1947710514068604	0.9999998807907104	0.9999998807907104	CosmeticsRoomAnchor[0]/outerstores[0]/Bottom Floor[0]/OutsideBuildings[0]/SeasonalStore[0]/SeasonalAdditions07Caves[0]/LFACX.[0]/PlasticButtonOff[0]	-47.60171454388818	18.158437734674354	-111.3737555284153	-0.18453905595246914	-0.49198032099692457	-0.10757406034170716	0.8439955699655854	0.18257125692037993	0.08306238357973107	0.08306241460657045	258666	259007
button	CosmeticStand	LFACS.	LFACS.	CosmeticsRoomAnchor[0]/outerstores[0]/Bottom Floor[0]/OutsideBuildings[0]/SeasonalStore[0]/SeasonalAdditions07Caves[0]/LFACS.[0]	-47.382442365453024	18.158437778836877	-110.9863484137748	-0.18453905595246914	-0.49198032099692457	-0.10757406034170716	0.8439955699655854	0.0830624480084973	0.08306238357973107	0.08306241460657045	0.0	0.0	0.0	2.1947710514068604	0.9999998807907104	0.9999998807907104	CosmeticsRoomAnchor[0]/outerstores[0]/Bottom Floor[0]/OutsideBuildings[0]/SeasonalStore[0]/SeasonalAdditions07Caves[0]/LFACS.[0]/PlasticButtonOff[0]	-47.382442365453024	18.158437778836877	-110.9863484137748	-0.18453905595246914	-0.49198032099692457	-0.10757406034170716	0.8439955699655854	0.18257125692037993	0.08306238357973107	0.08306241460657045	260569	253308
button	CosmeticStand	LFACW.	LFACW.	CosmeticsRoomAnchor[0]/outerstores[0]/Bottom Floor[0]/OutsideBuildings[0]/SeasonalStore[0]/SeasonalAdditions07Caves[0]/LFACW.[0]	-47.16006828609254	18.15843782359792	-110.59379302473296	-0.18453905595246914	-0.49198032099692457	-0.10757406034170716	0.8439955699655854	0.0830624480084973	0.08306238357973107	0.08306241460657045	0.0	0.0	0.0	2.1947710514068604	0.9999998807907104	0.9999998807907104	CosmeticsRoomAnchor[0]/outerstores[0]/Bottom Floor[0]/OutsideBuildings[0]/SeasonalStore[0]/SeasonalAdditions07Caves[0]/LFACW.[0]/PlasticButtonOff[0]	-47.16006828609254	18.15843782359792	-110.59379302473296	-0.18453905595246914	-0.49198032099692457	-0.10757406034170716	0.8439955699655854	0.18257125692037993	0.08306238357973107	0.08306241460657045	256259	266083
button	CosmeticStand	LFACV.	LFACV.	CosmeticsRoomAnchor[0]/outerstores[0]/Bottom Floor[0]/OutsideBuildings[0]/SeasonalStore[0]/SeasonalAdditions07Caves[0]/LFACV.[0]	-46.93976180832918	18.158437867959893	-110.20467080729208	-0.18453905595246914	-0.49198032099692457	-0.10757406034170716	0.8439955699655854	0.0830624480084973	0.08306238357973107	0.08306241460657045	0.0	0.0	0.0	2.1947710514068604	0.9999998807907104	0.9999998807907104	CosmeticsRoomAnchor[0]/outerstores[0]/Bottom Floor[0]/OutsideBuildings[0]/SeasonalStore[0]/SeasonalAdditions07Caves[0]/LFACV.[0]/PlasticButtonOff[0]	-46.93976180832918	18.158437867959893	-110.20467080729208	-0.18453905595246914	-0.49198032099692457	-0.10757406034170716	0.8439955699655854	0.18257125692037993	0.08306238357973107	0.08306241460657045	258375	258933
button	CosmeticStand	LFACU.	LFACU.	CosmeticsRoomAnchor[0]/outerstores[0]/Bottom Floor[0]/OutsideBuildings[0]/SeasonalStore[0]/SeasonalAdditions07Caves[0]/LFACU.[0]	-46.69864616482982	18.15843791649192	-109.77904951370154	-0.18453905595246914	-0.49198032099692457	-0.10757406034170716	0.8439955699655854	0.0830624480084973	0.08306238357973107	0.08306241460657045	0.0	0.0	0.0	2.1947710514068604	0.9999998807907104	0.9999998807907104	CosmeticsRoomAnchor[0]/outerstores[0]/Bottom Floor[0]/OutsideBuildings[0]/SeasonalStore[0]/SeasonalAdditions07Caves[0]/LFACU.[0]/PlasticButtonOff[0]	-46.69864616482982	18.15843791649192	-109.77904951370154	-0.18453905595246914	-0.49198032099692457	-0.10757406034170716	0.8439955699655854	0.18257125692037993	0.08306238357973107	0.08306241460657045	260617	253241
button	CosmeticStand	LFACT.	LFACT.	CosmeticsRoomAnchor[0]/outerstores[0]/Bottom Floor[0]/OutsideBuildings[0]/SeasonalStore[0]/SeasonalAdditions07Caves[0]/LFACT.[0]	-46.468364190372206	18.158437962932805	-109.37141837016475	-0.18453905595246914	-0.49198032099692457	-0.10757406034170716	0.8439955699655854	0.0830624480084973	0.08306238357973107	0.08306241460657045	0.0	0.0	0.0	2.1947710514068604	0.9999998807907104	0.9999998807907104	CosmeticsRoomAnchor[0]/outerstores[0]/Bottom Floor[0]/OutsideBuildings[0]/SeasonalStore[0]/SeasonalAdditions07Caves[0]/LFACT.[0]/PlasticButtonOff[0]	-46.468364190372206	18.158437962932805	-109.37141837016475	-0.18453905595246914	-0.49198032099692457	-0.10757406034170716	0.8439955699655854	0.18257125692037993	0.08306238357973107	0.08306241460657045	266161	264659
button	CosmeticStand	LHAEJ.	LHAEJ.	CosmeticsRoomAnchor[0]/outerstores[0]/Bottom Floor[0]/OutsideBuildings[0]/SeasonalStore[0]/SeasonalAdditions07Caves[0]/LHAEJ.[0]	-46.4406765069306	16.246437821611647	-109.32738806036416	-0.1056418897537972	0.8490834516967399	0.18565139843268536	0.483146604504249	0.08306243715993468	0.08306237637898176	0.0830624046259101	0.0	0.0	0.0	2.1947710514068604	0.9999998807907104	0.9999998807907104	CosmeticsRoomAnchor[0]/outerstores[0]/Bottom Floor[0]/OutsideBuildings[0]/SeasonalStore[0]/SeasonalAdditions07Caves[0]/LHAEJ.[0]/PlasticButtonOff[0]	-46.4406765069306	16.246437821611647	-109.32738806036416	-0.1056418897537972	0.8490834516967399	0.18565139843268536	0.483146604504249	0.18257123307523979	0.08306237637898176	0.0830624046259101	267292	257203
button	CosmeticStand	LBADU.	LBADU.	CosmeticsRoomAnchor[0]/outerstores[0]/Bottom Floor[0]/OutsideBuildings[0]/SeasonalStore[0]/SeasonalAdditions07Caves[0]/LBADU.[0]	-44.93574055660783	16.467537927428886	-109.41415511475468	-0.13214408966692343	-0.7675333849334485	-0.1678232619876061	0.6043722324152082	0.08306243967168991	0.08306236778727424	0.08306240358345925	0.0	0.0	0.0	2.1947710514068604	0.9999998807907104	0.9999998807907104	CosmeticsRoomAnchor[0]/outerstores[0]/Bottom Floor[0]/OutsideBuildings[0]/SeasonalStore[0]/SeasonalAdditions07Caves[0]/LBADU.[0]/PlasticButtonOff[0]	-44.93574055660783	16.467537927428886	-109.41415511475468	-0.13214408966692343	-0.7675333849334485	-0.1678232619876061	0.6043722324152082	0.18257123859607768	0.08306236778727424	0.08306240358345925	258920	263656
button	CosmeticStand	LMAFS.	LMAFS.	CosmeticsRoomAnchor[0]/outerstores[0]/Bottom Floor[0]/OutsideBuildings[0]/SeasonalStore[0]/SeasonalAdditions07Caves[0]/LMAFS.[0]	-48.046132729746844	16.24643751476867	-111.95477377379272	-0.1056418897537972	0.8490834516967399	0.18565139843268536	0.483146604504249	0.08306243715993468	0.08306237637898176	0.0830624046259101	0.0	0.0	0.0	2.1947710514068604	0.9999998807907104	0.9999998807907104	CosmeticsRoomAnchor[0]/outerstores[0]/Bottom Floor[0]/OutsideBuildings[0]/SeasonalStore[0]/SeasonalAdditions07Caves[0]/LMAFS.[0]/PlasticButtonOff[0]	-48.046132729746844	16.24643751476867	-111.95477377379272	-0.1056418897537972	0.8490834516967399	0.18565139843268536	0.483146604504249	0.18257123307523979	0.08306237637898176	0.0830624046259101	254402	263928
button	CosmeticStand	LHAEK.	LHAEK.	CosmeticsRoomAnchor[0]/outerstores[0]/Bottom Floor[0]/OutsideBuildings[0]/SeasonalStore[0]/SeasonalAdditions07Caves[0]/LHAEK.[0]	-45.04107964998254	16.4564378813126	-109.97873346786336	-0.1879707683252101	-0.4640112331310125	-0.10145834081928129	0.859689927160756	0.08306245366743967	0.08306238932509415	0.08306241777156614	0.0	0.0	0.0	2.1947710514068604	0.9999998807907104	0.9999998807907104	CosmeticsRoomAnchor[0]/outerstores[0]/Bottom Floor[0]/OutsideBuildings[0]/SeasonalStore[0]/SeasonalAdditions07Caves[0]/LHAEK.[0]/PlasticButtonOff[0]	-45.04107964998254	16.4564378813126	-109.97873346786336	-0.1879707683252101	-0.4640112331310125	-0.10145834081928129	0.859689927160756	0.18257126935873502	0.08306238932509415	0.08306241777156614	262527	254694
button	CosmeticStand	LHAEL.	LHAEL.	CosmeticsRoomAnchor[0]/outerstores[0]/Bottom Floor[0]/OutsideBuildings[0]/SeasonalStore[0]/SeasonalAdditions07Caves[0]/LHAEL.[0]	-48.46227258722485	16.24643743367578	-112.6555433660182	-0.1056418897537972	0.8490834516967399	0.18565139843268536	0.483146604504249	0.08306243715993468	0.08306237637898176	0.0830624046259101	0.0	0.0	0.0	2.1947710514068604	0.9999998807907104	0.9999998807907104	CosmeticsRoomAnchor[0]/outerstores[0]/Bottom Floor[0]/OutsideBuildings[0]/SeasonalStore[0]/SeasonalAdditions07Caves[0]/LHAEL.[0]/PlasticButtonOff[0]	-48.46227258722485	16.24643743367578	-112.6555433660182	-0.1056418897537972	0.8490834516967399	0.18565139843268536	0.483146604504249	0.18257123307523979	0.08306237637898176	0.0830624046259101	262644	255605
button	CosmeticStand	LBADR.	LBADR.	CosmeticsRoomAnchor[0]/outerstores[0]/Bottom Floor[0]/OutsideBuildings[0]/SeasonalStore[0]/SeasonalAdditions07Caves[0]/LBADR.[0]	-45.75835861601881	16.436437774171054	-110.99544027154921	-0.18621968241772024	-0.4785476915567171	-0.10463708635894658	0.8516838714830114	0.08306244709801995	0.08306238277143785	0.08306241407515126	0.0	0.0	0.0	2.1947710514068604	0.9999998807907104	0.9999998807907104	CosmeticsRoomAnchor[0]/outerstores[0]/Bottom Floor[0]/OutsideBuildings[0]/SeasonalStore[0]/SeasonalAdditions07Caves[0]/LBADR.[0]/PlasticButtonOff[0]	-45.75835861601881	16.436437774171054	-110.99544027154921	-0.18621968241772024	-0.4785476915567171	-0.10463708635894658	0.8516838714830114	0.18257125491915077	0.08306238277143785	0.08306241407515126	253738	262654
button	CosmeticStand	LBADS.	LBADS.	CosmeticsRoomAnchor[0]/outerstores[0]/Bottom Floor[0]/OutsideBuildings[0]/SeasonalStore[0]/SeasonalAdditions07Caves[0]/LBADS.[0]	-46.4561284297976	16.42243764045302	-112.14646162824894	-0.18412783965039817	-0.4951906621311803	-0.10827601950411439	0.842116055187232	0.08306243009939562	0.0830623652762038	0.08306240380143406	0.0	0.0	0.0	2.1947710514068604	0.9999998807907104	0.9999998807907104	CosmeticsRoomAnchor[0]/outerstores[0]/Bottom Floor[0]/OutsideBuildings[0]/SeasonalStore[0]/SeasonalAdditions07Caves[0]/LBADS.[0]/PlasticButtonOff[0]	-46.4561284297976	16.42243764045302	-112.14646162824894	-0.18412783965039817	-0.49519066213118024	-0.10827601950411439	0.842116055187232	0.1825712175561753	0.0830623652762038	0.08306240380143406	259293	255671
button	CosmeticStand	LBADT.	LBADT.	CosmeticsRoomAnchor[0]/outerstores[0]/Bottom Floor[0]/OutsideBuildings[0]/SeasonalStore[0]/SeasonalAdditions07Caves[0]/LBADT.[0]	-46.19795095074288	16.422437694114183	-111.66924725866768	-0.1879707683252101	-0.4640112331310125	-0.10145834081928129	0.859689927160756	0.08306245366743967	0.08306238932509415	0.08306241777156614	0.0	0.0	0.0	2.1947710514068604	0.9999998807907104	0.9999998807907104	CosmeticsRoomAnchor[0]/outerstores[0]/Bottom Floor[0]/OutsideBuildings[0]/SeasonalStore[0]/SeasonalAdditions07Caves[0]/LBADT.[0]/PlasticButtonOff[0]	-46.19795095074288	16.422437694114183	-111.66924725866768	-0.1879707683252101	-0.4640112331310125	-0.10145834081928129	0.859689927160756	0.18257126935873502	0.08306238932509415	0.08306241777156614	264115	264985
button	CosmeticStand	LFACQ.	LFACQ.	CosmeticsRoomAnchor[0]/outerstores[0]/Bottom Floor[0]/OutsideBuildings[0]/SeasonalStore[0]/SeasonalAdditions07Caves[0]/LFACQ.[0]	-45.53346939444467	16.434436680943428	-110.62126091203098	-0.18691509329026723	-0.47284645037140155	-0.10339034407216455	0.8548622222464248	0.08306243079732668	0.08306236669155254	0.08306240475341342	0.0	0.0	0.0	2.1947710514068604	0.9999998807907104	0.9999998807907104	CosmeticsRoomAnchor[0]/outerstores[0]/Bottom Floor[0]/OutsideBuildings[0]/SeasonalStore[0]/SeasonalAdditions07Caves[0]/LFACQ.[0]/PlasticButtonOff[0]	-45.53346939444467	16.434436680943428	-110.62126091203098	-0.18691509329026723	-0.47284645037140155	-0.10339034407216455	0.8548622222464248	0.18257121909022772	0.08306236669155254	0.08306240475341342	258715	266144
button	CosmeticStand	LFACR.	LFACR.	CosmeticsRoomAnchor[0]/outerstores[0]/Bottom Floor[0]/OutsideBuildings[0]/SeasonalStore[0]/SeasonalAdditions07Caves[0]/LFACR.[0]	-46.670245967112464	16.422437597285732	-112.52530562200998	-0.1836568973139818	-0.49883167503475484	-0.10907213646524287	0.8399645070465358	0.08306243676966851	0.08306237199717659	0.08306240776576367	0.0	0.0	0.0	2.1947710514068604	0.9999998807907104	0.9999998807907104	CosmeticsRoomAnchor[0]/outerstores[0]/Bottom Floor[0]/OutsideBuildings[0]/SeasonalStore[0]/SeasonalAdditions07Caves[0]/LFACR.[0]/PlasticButtonOff[0]	-46.670245967112464	16.422437597285732	-112.52530562200998	-0.1836568973139818	-0.49883167503475484	-0.10907213646524287	0.8399645070465358	0.18257123221743476	0.08306237199717659	0.08306240776576367	260586	265543
button	CosmeticStand	LMAFJ.	LMAFJ.	CosmeticsRoomAnchor[0]/outerstores[0]/Bottom Floor[0]/OutsideBuildings[0]/SeasonalStore[0]/SeasonalAdditions07Caves[0]/LMAFJ.[0]	-46.11226394213106	16.34356048107365	-102.25068878378796	0.061206453368249356	0.935952112438341	0.20464757988556065	-0.2799406746710288	0.0830624390408474	0.08306237120605935	0.08306240671220057	0.0	0.0	0.0	2.1947710514068604	0.9999998807907104	0.9999998807907104	CosmeticsRoomAnchor[0]/outerstores[0]/Bottom Floor[0]/OutsideBuildings[0]/SeasonalStore[0]/SeasonalAdditions07Caves[0]/LMAFJ.[0]/PlasticButtonOff[0]	-46.11226394213106	16.34356048107365	-102.25068878378796	0.061206453368249356	0.935952112438341	0.20464757988556065	-0.2799406746710288	0.18257123720948587	0.08306237120605935	0.08306240671220057	253287	267297
button	CosmeticStand	LMAFK.	LMAFK.	CosmeticsRoomAnchor[0]/outerstores[0]/Bottom Floor[0]/OutsideBuildings[0]/SeasonalStore[0]/SeasonalAdditions07Caves[0]/LMAFK.[0]	-46.630861883290315	16.246437844198763	-109.6471012184032	-0.1056418897537972	0.8490834516967399	0.18565139843268536	0.483146604504249	0.08306243715993468	0.08306237637898176	0.0830624046259101	0.0	0.0	0.0	2.1947710514068604	0.9999998807907104	0.9999998807907104	CosmeticsRoomAnchor[0]/outerstores[0]/Bottom Floor[0]/OutsideBuildings[0]/SeasonalStore[0]/SeasonalAdditions07Caves[0]/LMAFK.[0]/PlasticButtonOff[0]	-46.630861883290315	16.246437844198763	-109.6471012184032	-0.1056418897537972	0.8490834516967399	0.18565139843268536	0.483146604504249	0.18257123307523979	0.08306237637898176	0.0830624046259101	256687	269152
button	CosmeticStand	LMAFL.	LMAFL.	CosmeticsRoomAnchor[0]/outerstores[0]/Bottom Floor[0]/OutsideBuildings[0]/SeasonalStore[0]/SeasonalAdditions07Caves[0]/LMAFL.[0]	-47.196224515691995	16.293437466200725	-113.16810565466204	-0.21211267800429598	-0.11524700173411713	-0.025201066142233185	0.9700985757573491	0.08306244382980608	0.08306238211328558	0.08306241086973289	0.0	0.0	0.0	2.1947710514068604	0.9999998807907104	0.9999998807907104	CosmeticsRoomAnchor[0]/outerstores[0]/Bottom Floor[0]/OutsideBuildings[0]/SeasonalStore[0]/SeasonalAdditions07Caves[0]/LMAFL.[0]/PlasticButtonOff[0]	-47.196224515691995	16.293437466200725	-113.16810565466204	-0.21211267800429598	-0.11524700173411713	-0.025201066142233185	0.9700985757573491	0.18257124773561684	0.08306238211328558	0.08306241086973289	256019	256732
button	CosmeticStand	LMAFM.	LMAFM.	CosmeticsRoomAnchor[0]/outerstores[0]/Bottom Floor[0]/OutsideBuildings[0]/SeasonalStore[0]/SeasonalAdditions07Caves[0]/LMAFM.[0]	-46.85165665823561	16.246437860723855	-110.01959131978211	-0.1056418897537972	0.8490834516967399	0.18565139843268536	0.483146604504249	0.08306243715993468	0.08306237637898176	0.0830624046259101	0.0	0.0	0.0	2.1947710514068604	0.9999998807907104	0.9999998807907104	CosmeticsRoomAnchor[0]/outerstores[0]/Bottom Floor[0]/OutsideBuildings[0]/SeasonalStore[0]/SeasonalAdditions07Caves[0]/LMAFM.[0]/PlasticButtonOff[0]	-46.85165665823561	16.246437860723855	-110.01959131978211	-0.1056418897537972	0.8490834516967399	0.18565139843268536	0.483146604504249	0.18257123307523979	0.08306237637898176	0.0830624046259101	269480	262579
button	CosmeticStand	LMAFO.	LMAFO.	CosmeticsRoomAnchor[0]/outerstores[0]/Bottom Floor[0]/OutsideBuildings[0]/SeasonalStore[0]/SeasonalAdditions07Caves[0]/LMAFO.[0]	-47.07039024182474	16.246437698833375	-110.38865207779097	-0.1056418897537972	0.8490834516967399	0.18565139843268536	0.483146604504249	0.08306243715993468	0.08306237637898176	0.0830624046259101	0.0	0.0	0.0	2.1947710514068604	0.9999998807907104	0.9999998807907104	CosmeticsRoomAnchor[0]/outerstores[0]/Bottom Floor[0]/OutsideBuildings[0]/SeasonalStore[0]/SeasonalAdditions07Caves[0]/LMAFO.[0]/PlasticButtonOff[0]	-47.07039024182474	16.246437698833375	-110.38865207779097	-0.1056418897537972	0.8490834516967399	0.18565139843268536	0.483146604504249	0.18257123307523979	0.08306237637898176	0.0830624046259101	255779	258495
button	CosmeticStand	LMAFP.	LMAFP.	CosmeticsRoomAnchor[0]/outerstores[0]/Bottom Floor[0]/OutsideBuildings[0]/SeasonalStore[0]/SeasonalAdditions07Caves[0]/LMAFP.[0]	-48.29736428035174	16.2464374658142	-112.37780559500654	-0.1056418897537972	0.8490834516967399	0.18565139843268536	0.483146604504249	0.08306243715993468	0.08306237637898176	0.0830624046259101	0.0	0.0	0.0	2.1947710514068604	0.9999998807907104	0.9999998807907104	CosmeticsRoomAnchor[0]/outerstores[0]/Bottom Floor[0]/OutsideBuildings[0]/SeasonalStore[0]/SeasonalAdditions07Caves[0]/LMAFP.[0]/PlasticButtonOff[0]	-48.29736428035174	16.2464374658142	-112.37780559500654	-0.1056418897537972	0.8490834516967399	0.18565139843268536	0.483146604504249	0.18257123307523979	0.08306237637898176	0.0830624046259101	269247	264957
button	CosmeticStand	LMAFQ.	LMAFQ.	CosmeticsRoomAnchor[0]/outerstores[0]/Bottom Floor[0]/OutsideBuildings[0]/SeasonalStore[0]/SeasonalAdditions07Caves[0]/LMAFQ.[0]	-47.74395183507621	16.246437567591116	-111.52273343536228	-0.1056418897537972	0.8490834516967399	0.18565139843268536	0.483146604504249	0.08306243715993468	0.08306237637898176	0.0830624046259101	0.0	0.0	0.0	2.1947710514068604	0.9999998807907104	0.9999998807907104	CosmeticsRoomAnchor[0]/outerstores[0]/Bottom Floor[0]/OutsideBuildings[0]/SeasonalStore[0]/SeasonalAdditions07Caves[0]/LMAFQ.[0]/PlasticButtonOff[0]	-47.74395183507621	16.246437567591116	-111.52273343536228	-0.1056418897537972	0.8490834516967399	0.18565139843268536	0.483146604504249	0.18257123307523979	0.08306237637898176	0.0830624046259101	255346	259423
button	CosmeticStand	LMAFR.	LMAFR.	CosmeticsRoomAnchor[0]/outerstores[0]/Bottom Floor[0]/OutsideBuildings[0]/SeasonalStore[0]/SeasonalAdditions07Caves[0]/LMAFR.[0]	-47.297201435364	16.246437654745787	-110.76919089335375	-0.1056418897537972	0.8490834516967399	0.18565139843268536	0.483146604504249	0.08306243715993468	0.08306237637898176	0.0830624046259101	0.0	0.0	0.0	2.1947710514068604	0.9999998807907104	0.9999998807907104	CosmeticsRoomAnchor[0]/outerstores[0]/Bottom Floor[0]/OutsideBuildings[0]/SeasonalStore[0]/SeasonalAdditions07Caves[0]/LMAFR.[0]/PlasticButtonOff[0]	-47.297201435364	16.246437654745787	-110.76919089335375	-0.1056418897537972	0.8490834516967399	0.18565139843268536	0.483146604504249	0.18257123307523979	0.08306237637898176	0.0830624046259101	256520	254506
button	CosmeticStand	BANANA HAT	BANANA HAT	CosmeticsRoomAnchor[0]/outerstores[0]/Middle Layer[0]/Buildings[0]/FruitAnchor[0]/BANANA HAT[0]	-47.502811838119214	21.685441940916842	-98.67828558071257	0.09021232011515903	0.8787448299124204	0.18388358162683952	-0.4311102986588432	0.08306239619771631	0.08306237444202436	0.08306239464246186	0.0	0.0	0.0	2.1947710514068604	0.9999998807907104	0.9999998807907104	cube	-47.502811838119214	21.685441940916842	-98.67828558071257	0.09021232011515903	0.8787448299124204	0.18388358162683952	-0.4311102986588432	0.1825711430402857	0.08306237444202436	0.08306239464246186	253407	262157
button	CosmeticStand	PINEAPPLE HAT	PINEAPPLE HAT	CosmeticsRoomAnchor[0]/outerstores[0]/Middle Layer[0]/Buildings[0]/FruitAnchor[0]/PINEAPPLE HAT[0]	-47.48811539901106	21.684495777660764	-100.30642915210619	-0.20329232826082386	-0.12478289794566662	-0.02613180797880926	0.9707824608336997	0.08306244946633494	0.08306247869023224	0.08306244610244527	0.0	0.0	0.0	2.1947710514068604	0.9999998807907104	0.9999998807907104	cube	-47.48811539901106	21.684495777660764	-100.30642915210619	-0.20329232826082386	-0.12478289794566662	-0.02613180797880926	0.9707824608336997	0.18257126012470704	0.08306247869023224	0.08306244610244527	253406	262158
button	CosmeticStand	COCONUT	COCONUT	CosmeticsRoomAnchor[0]/outerstores[0]/Middle Layer[0]/Buildings[0]/FruitAnchor[0]/COCONUT[0]	-46.49317634051924	21.684438517125752	-99.95517178912088	0.09027628036097564	0.8787174885165596	0.18401390989244049	-0.43109703031386476	0.08306246308831931	0.08306244873894515	0.08306242131684333	0.0	0.0	0.0	2.1947710514068604	0.9999998807907104	0.9999998807907104	cube	-46.49317634051924	21.684438517125752	-99.95517178912088	0.09027628036097564	0.8787174885165596	0.18401390989244049	-0.43109703031386476	0.18257129006582803	0.08306244873894515	0.08306242131684333	253440	262176
button	CosmeticStand	NOSE RING	NOSE RING	CosmeticsRoomAnchor[0]/outerstores[0]/TopLayer[0]/Huts[0]/PiercingsAnchor[0]/NOSE RING[0]	-44.849338793306096	26.29543846754664	-97.04226127221408	0.0547659534818849	0.9431824975914755	0.1975136522663109	-0.2615259523350389	0.08306255171449525	0.08306243709051274	0.08306248070821606	0.0	0.0	0.0	2.1947710514068604	0.9999998807907104	0.9999998807907104	cube	-44.849338793306096	26.29543846754664	-97.04226127221408	0.0547659534818849	0.9431824975914755	0.1975136522663109	-0.2615259523350389	0.1825714848661587	0.08306243709051274	0.08306248070821606	253419	262151
button	CosmeticStand	EYEBROW STUD	EYEBROW STUD	CosmeticsRoomAnchor[0]/outerstores[0]/TopLayer[0]/Huts[0]/PiercingsAnchor[0]/EYEBROW STUD[0]	-45.38084157625443	26.29544232959381	-96.72301713791758	0.0547659534818849	0.9431824975914755	0.1975136522663109	-0.2615259523350389	0.08306255171449525	0.08306243709051274	0.08306248070821606	0.0	0.0	0.0	2.1947710514068604	0.9999998807907104	0.9999998807907104	cube	-45.38084157625443	26.29544232959381	-96.72301713791758	0.0547659534818849	0.9431824975914755	0.1975136522663109	-0.2615259523350389	0.1825714848661587	0.08306243709051274	0.08306248070821606	253426	262179
button	CosmeticStand	TRIPLE EARRINGS	TRIPLE EARRINGS	CosmeticsRoomAnchor[0]/outerstores[0]/TopLayer[0]/Huts[0]/PiercingsAnchor[0]/TRIPLE EARRINGS[0]	-45.85559533391106	26.2954423719024	-96.43747972202114	0.0547659534818849	0.9431824975914755	0.1975136522663109	-0.2615259523350389	0.08306255171449525	0.08306243709051274	0.08306248070821606	0.0	0.0	0.0	2.1947710514068604	0.9999998807907104	0.9999998807907104	cube	-45.85559533391106	26.2954423719024	-96.43747972202114	0.0547659534818849	0.9431824975914755	0.1975136522663109	-0.2615259523350389	0.1825714848661587	0.08306243709051274	0.08306248070821606	253415	262155
button	CosmeticStand	BASIC EARRINGS	BASIC EARRINGS	CosmeticsRoomAnchor[0]/outerstores[0]/TopLayer[0]/Huts[0]/PiercingsAnchor[0]/BASIC EARRINGS[0]	-46.36216543072169	26.295442417037318	-96.13304254895036	0.0547659534818849	0.9431824975914755	0.1975136522663109	-0.2615259523350389	0.08306255171449525	0.08306243709051274	0.08306248070821606	0.0	0.0	0.0	2.1947710514068604	0.9999998807907104	0.9999998807907104	cube	-46.36216543072169	26.295442417037318	-96.13304254895036	0.0547659534818849	0.9431824975914755	0.1975136522663109	-0.2615259523350389	0.1825714848661587	0.08306243709051274	0.08306248070821606	253412	262150
button	CosmeticStand	DOUBLE EYEPATCH	DOUBLE EYEPATCH	CosmeticsRoomAnchor[0]/outerstores[0]/TopLayer[0]/Huts[0]/EyepatchAnchor[0]/DOUBLE EYEPATCH[0]	-39.87932815060019	26.29545330865864	-99.94215002631269	0.054765923574164814	0.9431825359323847	0.1975135917138918	-0.2615258660543977	0.083062555094012	0.08306243189418883	0.08306249993700655	0.0	0.0	0.0	2.1947710514068604	0.9999998807907104	0.9999998807907104	cube	-39.87932815060019	26.29545330865864	-99.94215002631269	0.054765923574164814	0.9431825359323847	0.1975135917138918	-0.2615258660543977	0.18257149229433633	0.08306243189418883	0.08306249993700655	253420	262184
button	CosmeticStand	RIGHT EYEPATCH	RIGHT EYEPATCH	CosmeticsRoomAnchor[0]/outerstores[0]/TopLayer[0]/Huts[0]/EyepatchAnchor[0]/RIGHT EYEPATCH[0]	-40.27153361586448	26.295453329080484	-99.70658359097581	0.054765923574164814	0.9431825359323847	0.1975135917138918	-0.2615258660543977	0.083062555094012	0.08306243189418883	0.08306249993700655	0.0	0.0	0.0	2.1947710514068604	0.9999998807907104	0.9999998807907104	cube	-40.27153361586448	26.295453329080484	-99.70658359097581	0.054765923574164814	0.9431825359323847	0.1975135917138918	-0.2615258660543977	0.18257149229433633	0.08306243189418883	0.08306249993700655	253422	262182
button	CosmeticStand	LEFT EYEPATCH	LEFT EYEPATCH	CosmeticsRoomAnchor[0]/outerstores[0]/TopLayer[0]/Huts[0]/EyepatchAnchor[0]/LEFT EYEPATCH[0]	-40.6879557361728	26.295453361664464	-99.45687355711797	0.054765923574164814	0.9431825359323847	0.1975135917138918	-0.2615258660543977	0.083062555094012	0.08306243189418883	0.08306249993700655	0.0	0.0	0.0	2.1947710514068604	0.9999998807907104	0.9999998807907104	cube	-40.6879557361728	26.295453361664464	-99.45687355711797	0.054765923574164814	0.9431825359323847	0.1975135917138918	-0.2615258660543977	0.18257149229433633	0.08306243189418883	0.08306249993700655	253425	262180
button	CosmeticStand	SURGICAL MASK	SURGICAL MASK	CosmeticsRoomAnchor[0]/outerstores[0]/TopLayer[0]/Huts[0]/MedicalAnchor[0]/SURGICAL MASK[0]	-51.966086345880896	26.0984516867721	-99.61686113430845	-0.19946712365047714	-0.3488530603549104	-0.07625520043601582	0.9125237275107326	0.08306240381253494	0.08306239186473924	0.0830624040574509	0.0	0.0	0.0	2.1947710514068604	0.9999998807907104	0.9999998807907104	cube	-51.966086345880896	26.0984516867721	-99.61686113430845	-0.19946712365047714	-0.3488530603549105	-0.07625520043601582	0.9125237275107326	0.18257115977765667	0.08306239186473924	0.0830624040574509	253421	262185
button	CosmeticStand	FOREHEAD MIRROR	FOREHEAD MIRROR	CosmeticsRoomAnchor[0]/outerstores[0]/TopLayer[0]/Huts[0]/MedicalAnchor[0]/FOREHEAD MIRROR[0]	-52.9592316111335	26.09845219140185	-100.54848671145719	-0.19946712365047714	-0.3488530603549104	-0.07625520043601582	0.9125237275107326	0.08306240381253494	0.08306239186473924	0.0830624040574509	0.0	0.0	0.0	2.1947710514068604	0.9999998807907104	0.9999998807907104	cube	-52.9592316111335	26.09845219140185	-100.54848671145719	-0.19946712365047714	-0.3488530603549105	-0.07625520043601582	0.9125237275107326	0.18257115977765667	0.08306239186473924	0.0830624040574509	253414	262156
button	CosmeticStand	WITCH HAT	WITCH HAT	CosmeticsRoomAnchor[0]/outerstores[0]/TopLayer[0]/Huts[0]/HalloweenAnchor[0]/WITCH HAT[0]	-56.35231245275317	31.064937863343058	-99.13467454880542	-0.10466305897321719	0.8515478465612701	0.18613783767292907	0.47881584611380473	0.08306243489493564	0.08306237568929191	0.08306244023211812	0.0	0.0	0.0	2.1947710514068604	0.9999998807907104	0.9999998807907104	cube	-56.35231245275317	31.064937863343058	-99.13467454880542	-0.10466305897321719	0.8515478465612701	0.18613783767292907	0.47881584611380473	0.182571228096772	0.08306237568929191	0.08306244023211812	253418	262152
button	CosmeticStand	CAT EARS	CAT EARS	CosmeticsRoomAnchor[0]/outerstores[0]/TopLayer[0]/Huts[0]/HalloweenAnchor[0]/CAT EARS[0]	-55.048984433362975	31.064933028592872	-98.8219909670515	0.06311182781416062	0.9332926607202855	0.20400546399719688	-0.28872734074710404	0.083062378571848	0.08306237634741803	0.08306245375448273	0.0	0.0	0.0	2.1947710514068604	0.9999998807907104	0.9999998807907104	cube	-55.048984433362975	31.064933028592872	-98.8219909670515	0.06311182781416062	0.9332926607202855	0.20400546399719688	-0.2887273407471041	0.18257110429862797	0.08306237634741803	0.08306245375448273	253442	262175
button	CosmeticStand	SKULL MASK	SKULL MASK	CosmeticsRoomAnchor[0]/outerstores[0]/TopLayer[0]/Huts[0]/HalloweenAnchor[0]/SKULL MASK[0]	-56.707198931083404	31.064449560382677	-99.76809938516696	-0.10947718109295519	0.8387834170847233	0.18334763657945533	0.5008400644959862	0.08306240079574954	0.08306235630794137	0.08306241610822211	0.0	0.0	0.0	2.1947710514068604	0.9999998807907104	0.9999998807907104	cube	-56.707198931083404	31.064449560382677	-99.76809938516696	-0.10947718109295519	0.8387834170847233	0.18334763657945533	0.5008400644959862	0.18257115314676253	0.08306235630794137	0.08306241610822211	253444	262173
button	CosmeticStand	GOGGLES	GOGGLES	CosmeticsRoomAnchor[0]/outerstores[0]/TopLayer[0]/Huts[0]/GogglesAnchor[0]/GOGGLES[0]	-44.59582316999998	26.08043849451259	-104.56615141137655	-0.19751806212538522	0.2614611960212663	0.054751907377021625	0.9432003428476581	0.08306258633211114	0.08306241469405116	0.08306247488521337	0.0	0.0	0.0	2.1947710514068604	0.9999998807907104	0.9999998807907104	cube	-44.59582316999998	26.08043849451259	-104.56615141137655	-0.19751806212538522	0.2614611960212662	0.054751907377021625	0.9432003428476581	0.18257156095567684	0.08306241469405116	0.08306247488521337	253435	262168
button	PurchaseItemButton	Purchase Button Right	right	CosmeticsRoomAnchor[0]/ShoppingCenterAnchor[0]/CheckoutCounterAnchor[0]/Checkout Counter[0]/-- Purchasing Terminal UI --[0]/Purchase Button Right[0]	-62.12233190206518	16.42744511513517	-110.11933967780176	0.7057500605084681	-0.6294603936797586	0.04378523072107463	-0.3221479760164872	0.08767802945811227	0.08767801059187073	0.0876780315018459	0.0	0.0	0.0	1.0	1.0	1.0	CosmeticsRoomAnchor[0]/ShoppingCenterAnchor[0]/CheckoutCounterAnchor[0]/Checkout Counter[0]/-- Purchasing Terminal UI --[0]/Purchase Button Right[0]	-62.12233190206518	16.42744511513517	-110.11933967780176	0.7057500605084681	-0.6294603936797586	0.04378523072107463	-0.3221479760164872	0.08767802945811227	0.08767801059187073	0.0876780315018459	262788	0
button	PurchaseItemButton	Purchase Button Left	left	CosmeticsRoomAnchor[0]/ShoppingCenterAnchor[0]/CheckoutCounterAnchor[0]/Checkout Counter[0]/-- Purchasing Terminal UI --[0]/Purchase Button Left[0]	-62.376828156877046	16.423345082409387	-110.26078495365417	0.7057498262137191	-0.6294609085436625	0.04378449852330489	-0.3221475827998015	0.08767803020593833	0.08767801072641893	0.0876780321959066	0.0	0.0	0.0	1.0	1.0	1.0	CosmeticsRoomAnchor[0]/ShoppingCenterAnchor[0]/CheckoutCounterAnchor[0]/Checkout Counter[0]/-- Purchasing Terminal UI --[0]/Purchase Button Left[0]	-62.376828156877046	16.423345082409387	-110.26078495365417	0.7057498262137191	-0.6294609085436625	0.04378449852330489	-0.3221475827998015	0.08767803020593833	0.08767801072641893	0.0876780321959066	251940	0
button	CheckoutCartButton	Checkout Cart Button	0	CosmeticsRoomAnchor[0]/ShoppingCenterAnchor[0]/CheckoutCounterAnchor[0]/Checkout Counter[0]/-- Checkout Selection Cart UI --[0]/Anchor[0]/Checkout Cart Button[0]	-62.65976401049293	16.66673400902858	-111.3364411899184	-0.5600744228238861	0.42152669796178455	-0.4347503205477254	0.5653530247443409	0.060514518673365596	0.06051451413547662	0.040343013933755965	0.0	0.0	0.0	1.0	1.0	1.0	CosmeticsRoomAnchor[0]/ShoppingCenterAnchor[0]/CheckoutCounterAnchor[0]/Checkout Counter[0]/-- Checkout Selection Cart UI --[0]/Anchor[0]/Checkout Cart Button[0]	-62.65976401049293	16.66673400902858	-111.3364411899184	-0.5600744228238861	0.42152669796178455	-0.4347503205477254	0.5653530247443409	0.060514518673365596	0.06051451413547662	0.040343013933755965	267470	0
button	CheckoutCartButton	Checkout Cart Button (1)	1	CosmeticsRoomAnchor[0]/ShoppingCenterAnchor[0]/CheckoutCounterAnchor[0]/Checkout Counter[0]/-- Checkout Selection Cart UI --[0]/Anchor[0]/Checkout Cart Button (1)[0]	-62.66291059196824	16.667606875960868	-111.1742979134026	-0.560074320684685	0.4215266921158484	-0.43475034123349865	0.5653531143814597	0.0605145186733664	0.06051451413547849	0.040343013933754175	0.0	0.0	0.0	1.0	1.0	1.0	CosmeticsRoomAnchor[0]/ShoppingCenterAnchor[0]/CheckoutCounterAnchor[0]/Checkout Counter[0]/-- Checkout Selection Cart UI --[0]/Anchor[0]/Checkout Cart Button (1)[0]	-62.66291059196824	16.667606875960868	-111.1742979134026	-0.560074320684685	0.4215266921158484	-0.43475034123349865	0.5653531143814597	0.0605145186733664	0.06051451413547849	0.040343013933754175	255537	0
button	CheckoutCartButton	Checkout Cart Button (2)	2	CosmeticsRoomAnchor[0]/ShoppingCenterAnchor[0]/CheckoutCounterAnchor[0]/Checkout Counter[0]/-- Checkout Selection Cart UI --[0]/Anchor[0]/Checkout Cart Button (2)[0]	-62.666135501048004	16.668501471100846	-111.00811841709479	-0.5600744228238861	0.42152669796178455	-0.4347503205477254	0.5653530247443409	0.060514518673365596	0.06051451413547662	0.040343013933755965	0.0	0.0	0.0	1.0	1.0	1.0	CosmeticsRoomAnchor[0]/ShoppingCenterAnchor[0]/CheckoutCounterAnchor[0]/Checkout Counter[0]/-- Checkout Selection Cart UI --[0]/Anchor[0]/Checkout Cart Button (2)[0]	-62.666135501048004	16.668501471100846	-111.00811841709479	-0.5600744228238861	0.42152669796178455	-0.4347503205477254	0.5653530247443409	0.060514518673365596	0.06051451413547662	0.040343013933755965	255533	0
button	CheckoutCartButton	Checkout Cart Button (3)	3	CosmeticsRoomAnchor[0]/ShoppingCenterAnchor[0]/CheckoutCounterAnchor[0]/Checkout Counter[0]/-- Checkout Selection Cart UI --[0]/Anchor[0]/Checkout Cart Button (3)[0]	-62.638144004069304	16.588582786716138	-111.33559746553449	-0.5600744228238861	0.42152669796178455	-0.4347503205477254	0.5653530247443409	0.060514518673365596	0.06051451413547662	0.040343013933755965	0.0	0.0	0.0	1.0	1.0	1.0	CosmeticsRoomAnchor[0]/ShoppingCenterAnchor[0]/CheckoutCounterAnchor[0]/Checkout Counter[0]/-- Checkout Selection Cart UI --[0]/Anchor[0]/Checkout Cart Button (3)[0]	-62.638144004069304	16.588582786716138	-111.33559746553449	-0.5600744228238861	0.42152669796178455	-0.4347503205477254	0.5653530247443409	0.060514518673365596	0.06051451413547662	0.040343013933755965	255532	0
button	CheckoutCartButton	Checkout Cart Button (4)	4	CosmeticsRoomAnchor[0]/ShoppingCenterAnchor[0]/CheckoutCounterAnchor[0]/Checkout Counter[0]/-- Checkout Selection Cart UI --[0]/Anchor[0]/Checkout Cart Button (4)[0]	-62.64129093039124	16.589457124009925	-111.17345766098359	-0.560074320684685	0.4215266921158484	-0.43475034123349865	0.5653531143814597	0.0605145186733664	0.06051451413547849	0.040343013933754175	0.0	0.0	0.0	1.0	1.0	1.0	CosmeticsRoomAnchor[0]/ShoppingCenterAnchor[0]/CheckoutCounterAnchor[0]/Checkout Counter[0]/-- Checkout Selection Cart UI --[0]/Anchor[0]/Checkout Cart Button (4)[0]	-62.64129093039124	16.589457124009925	-111.17345766098359	-0.560074320684685	0.4215266921158484	-0.43475034123349865	0.5653531143814597	0.0605145186733664	0.06051451413547849	0.040343013933754175	255541	0
button	CheckoutCartButton	Checkout Cart Button (5)	5	CosmeticsRoomAnchor[0]/ShoppingCenterAnchor[0]/CheckoutCounterAnchor[0]/Checkout Counter[0]/-- Checkout Selection Cart UI --[0]/Anchor[0]/Checkout Cart Button (5)[0]	-62.64451583947101	16.590351719149904	-111.00727816467578	-0.5600744228238861	0.42152669796178455	-0.4347503205477254	0.5653530247443409	0.060514518673365596	0.06051451413547662	0.040343013933755965	0.0	0.0	0.0	1.0	1.0	1.0	CosmeticsRoomAnchor[0]/ShoppingCenterAnchor[0]/CheckoutCounterAnchor[0]/Checkout Counter[0]/-- Checkout Selection Cart UI --[0]/Anchor[0]/Checkout Cart Button (5)[0]	-62.64451583947101	16.590351719149904	-111.00727816467578	-0.5600744228238861	0.42152669796178455	-0.4347503205477254	0.5653530247443409	0.060514518673365596	0.06051451413547662	0.040343013933755965	255536	0
button	CheckoutCartButton	Checkout Cart Button (6)	6	CosmeticsRoomAnchor[0]/ShoppingCenterAnchor[0]/CheckoutCounterAnchor[0]/Checkout Counter[0]/-- Checkout Selection Cart UI --[0]/Anchor[0]/Checkout Cart Button (6)[0]	-62.61566339175915	16.507321001382795	-111.33472516559452	-0.5600744228238861	0.42152669796178455	-0.4347503205477254	0.5653530247443409	0.060514518673365596	0.06051451413547662	0.040343013933755965	0.0	0.0	0.0	1.0	1.0	1.0	CosmeticsRoomAnchor[0]/ShoppingCenterAnchor[0]/CheckoutCounterAnchor[0]/Checkout Counter[0]/-- Checkout Selection Cart UI --[0]/Anchor[0]/Checkout Cart Button (6)[0]	-62.61566339175915	16.507321001382795	-111.33472516559452	-0.5600744228238861	0.42152669796178455	-0.4347503205477254	0.5653530247443409	0.060514518673365596	0.06051451413547662	0.040343013933755965	255540	0
button	CheckoutCartButton	Checkout Cart Button (7)	7	CosmeticsRoomAnchor[0]/ShoppingCenterAnchor[0]/CheckoutCounterAnchor[0]/Checkout Counter[0]/-- Checkout Selection Cart UI --[0]/Anchor[0]/Checkout Cart Button (7)[0]	-62.61881078625455	16.508196939531672	-111.17258396573988	-0.560074320684685	0.4215266921158484	-0.43475034123349865	0.5653531143814597	0.0605145186733664	0.06051451413547849	0.040343013933754175	0.0	0.0	0.0	1.0	1.0	1.0	CosmeticsRoomAnchor[0]/ShoppingCenterAnchor[0]/CheckoutCounterAnchor[0]/Checkout Counter[0]/-- Checkout Selection Cart UI --[0]/Anchor[0]/Checkout Cart Button (7)[0]	-62.61881078625455	16.508196939531672	-111.17258396573988	-0.560074320684685	0.4215266921158484	-0.43475034123349865	0.5653531143814597	0.0605145186733664	0.06051451413547849	0.040343013933754175	255539	0
button	CheckoutCartButton	Checkout Cart Button (8)	8	CosmeticsRoomAnchor[0]/ShoppingCenterAnchor[0]/CheckoutCounterAnchor[0]/Checkout Counter[0]/-- Checkout Selection Cart UI --[0]/Anchor[0]/Checkout Cart Button (8)[0]	-62.62203569533431	16.50909153467165	-111.00640446943207	-0.5600744228238861	0.42152669796178455	-0.4347503205477254	0.5653530247443409	0.060514518673365596	0.06051451413547662	0.040343013933755965	0.0	0.0	0.0	1.0	1.0	1.0	CosmeticsRoomAnchor[0]/ShoppingCenterAnchor[0]/CheckoutCounterAnchor[0]/Checkout Counter[0]/-- Checkout Selection Cart UI --[0]/Anchor[0]/Checkout Cart Button (8)[0]	-62.62203569533431	16.50909153467165	-111.00640446943207	-0.5600744228238861	0.42152669796178455	-0.4347503205477254	0.5653530247443409	0.060514518673365596	0.06051451413547662	0.040343013933755965	255534	0
button	CheckoutCartButton	Checkout Cart Button (9)	9	CosmeticsRoomAnchor[0]/ShoppingCenterAnchor[0]/CheckoutCounterAnchor[0]/Checkout Counter[0]/-- Checkout Selection Cart UI --[0]/Anchor[0]/Checkout Cart Button (9)[0]	-62.59383307311068	16.428396813175343	-111.33367642405922	-0.5600744228238861	0.42152669796178455	-0.4347503205477254	0.5653530247443409	0.060514518673365596	0.06051451413547662	0.040343013933755965	0.0	0.0	0.0	1.0	1.0	1.0	CosmeticsRoomAnchor[0]/ShoppingCenterAnchor[0]/CheckoutCounterAnchor[0]/Checkout Counter[0]/-- Checkout Selection Cart UI --[0]/Anchor[0]/Checkout Cart Button (9)[0]	-62.59383307311068	16.428396813175343	-111.33367642405922	-0.5600744228238861	0.42152669796178455	-0.4347503205477254	0.5653530247443409	0.060514518673365596	0.06051451413547662	0.040343013933755965	255538	0
button	CheckoutCartButton	Checkout Cart Button (10)	10	CosmeticsRoomAnchor[0]/ShoppingCenterAnchor[0]/CheckoutCounterAnchor[0]/Checkout Counter[0]/-- Checkout Selection Cart UI --[0]/Anchor[0]/Checkout Cart Button (10)[0]	-62.59698383379023	16.429271759458835	-111.17133200960953	-0.560074320684685	0.4215266921158484	-0.43475034123349865	0.5653531143814597	0.0605145186733664	0.06051451413547849	0.040343013933754175	0.0	0.0	0.0	1.0	1.0	1.0	CosmeticsRoomAnchor[0]/ShoppingCenterAnchor[0]/CheckoutCounterAnchor[0]/Checkout Counter[0]/-- Checkout Selection Cart UI --[0]/Anchor[0]/Checkout Cart Button (10)[0]	-62.59698383379023	16.429271759458835	-111.17133200960953	-0.560074320684685	0.4215266921158484	-0.43475034123349865	0.5653531143814597	0.0605145186733664	0.06051451413547849	0.040343013933754175	255535	0
button	CheckoutCartButton	Checkout Cart Button (11)	11	CosmeticsRoomAnchor[0]/ShoppingCenterAnchor[0]/CheckoutCounterAnchor[0]/Checkout Counter[0]/-- Checkout Selection Cart UI --[0]/Anchor[0]/Checkout Cart Button (11)[0]	-62.600200915521555	16.430164183279345	-111.00555585640032	-0.5600744228238861	0.42152669796178455	-0.4347503205477254	0.5653530247443409	0.060514518673365596	0.06051451413547662	0.040343013933755965	0.0	0.0	0.0	1.0	1.0	1.0	CosmeticsRoomAnchor[0]/ShoppingCenterAnchor[0]/CheckoutCounterAnchor[0]/Checkout Counter[0]/-- Checkout Selection Cart UI --[0]/Anchor[0]/Checkout Cart Button (11)[0]	-62.600200915521555	16.430164183279345	-111.00555585640032	-0.5600744228238861	0.42152669796178455	-0.4347503205477254	0.5653530247443409	0.060514518673365596	0.06051451413547662	0.040343013933755965	255531	0
head	Head Model Nonstatic	CosmeticsRoomAnchor[0]/ShoppingCenterAnchor[0]/CheckoutCounterAnchor[0]/Checkout Counter[0]/Head Model Nonstatic[0]	-62.70190957595187	16.392643713692646	-110.59385802042333	-0.3543515260554989	0.6119108686164528	0.6119111047487444	0.3543513577459078	1.0000001621072785	1.0000002915496413	1.0000002896455733
button	PurchaseCurrencyButton	Purchase Currency Button Four	four	CosmeticsRoomAnchor[0]/ShoppingCenterAnchor[0]/Purchase Currency[0]/Purchase Currency Button Four[0]	-59.65176802148147	16.403795796265694	-107.02355001610248	-0.30217192014198346	0.11331237712002448	-0.6532460341502317	0.6849248533497017	0.03565964862655904	0.035659667917367556	0.028930300577777086	0.0	0.0	0.0	1.0	1.0	1.0	CosmeticsRoomAnchor[0]/ShoppingCenterAnchor[0]/Purchase Currency[0]/Purchase Currency Button Four[0]	-59.65176802148147	16.403795796265694	-107.02355001610248	-0.30217192014198346	0.11331237712002448	-0.6532460341502317	0.6849248533497017	0.03565964862655904	0.035659667917367556	0.028930300577777086	0	0
button	PurchaseCurrencyButton	Purchase Currency Button Three	three	CosmeticsRoomAnchor[0]/ShoppingCenterAnchor[0]/Purchase Currency[0]/Purchase Currency Button Three[0]	-59.65894202900055	16.46159668771111	-107.03788438878419	-0.30217192014198346	0.11331237712002448	-0.6532460341502317	0.6849248533497017	0.03565964862655904	0.035659667917367556	0.028930300577777086	0.0	0.0	0.0	1.0	1.0	1.0	CosmeticsRoomAnchor[0]/ShoppingCenterAnchor[0]/Purchase Currency[0]/Purchase Currency Button Three[0]	-59.65894202900055	16.46159668771111	-107.03788438878419	-0.30217192014198346	0.11331237712002448	-0.6532460341502317	0.6849248533497017	0.03565964862655904	0.035659667917367556	0.028930300577777086	0	0
button	PurchaseCurrencyButton	Purchase Currency Button Two	two	CosmeticsRoomAnchor[0]/ShoppingCenterAnchor[0]/Purchase Currency[0]/Purchase Currency Button Two[0]	-59.66583957949701	16.515394951021396	-107.0513364612484	-0.30217192014198346	0.11331237712002448	-0.6532460341502317	0.6849248533497017	0.03565964862655904	0.035659667917367556	0.028930300577777086	0.0	0.0	0.0	1.0	1.0	1.0	CosmeticsRoomAnchor[0]/ShoppingCenterAnchor[0]/Purchase Currency[0]/Purchase Currency Button Two[0]	-59.66583957949701	16.515394951021396	-107.0513364612484	-0.30217192014198346	0.11331237712002448	-0.6532460341502317	0.6849248533497017	0.03565964862655904	0.035659667917367556	0.028930300577777086	0	0
button	PurchaseCurrencyButton	Purchase Currency Button One	one	CosmeticsRoomAnchor[0]/ShoppingCenterAnchor[0]/Purchase Currency[0]/Purchase Currency Button One[0]	-59.67251642274374	16.56949463042997	-107.0647941201494	-0.30217192014198346	0.11331237712002448	-0.6532460341502317	0.6849248533497017	0.03565964862655904	0.035659667917367556	0.028930300577777086	0.0	0.0	0.0	1.0	1.0	1.0	CosmeticsRoomAnchor[0]/ShoppingCenterAnchor[0]/Purchase Currency[0]/Purchase Currency Button One[0]	-59.67251642274374	16.56949463042997	-107.0647941201494	-0.30217192014198346	0.11331237712002448	-0.6532460341502317	0.6849248533497017	0.03565964862655904	0.035659667917367556	0.028930300577777086	0	0
button	FittingRoomButton	FittingRoomButton	0	CosmeticsRoomAnchor[0]/ShoppingCenterAnchor[0]/mirrors2 (1)[0]/ShoppingCart[0]/Anchor[0]/FittingRoomButton[0]	-50.09587428872918	16.74399878607855	-119.14361045212571	-0.3256828486275128	-0.05576834874474334	-0.6317878386955906	0.7011880634070345	0.060514505897319354	0.06051451667201208	0.043570449868918094	0.0	0.0	0.0	1.0	1.0	1.0	CosmeticsRoomAnchor[0]/ShoppingCenterAnchor[0]/mirrors2 (1)[0]/ShoppingCart[0]/Anchor[0]/FittingRoomButton[0]	-50.09587428872918	16.74399878607855	-119.14361045212571	-0.3256828486275128	-0.05576834874474334	-0.6317878386955906	0.7011880634070345	0.060514505897319354	0.06051451667201208	0.043570449868918094	268143	0
button	FittingRoomButton	FittingRoomButton (1)	1	CosmeticsRoomAnchor[0]/ShoppingCenterAnchor[0]/mirrors2 (1)[0]/ShoppingCart[0]/Anchor[0]/FittingRoomButton (1)[0]	-50.239131036080565	16.745621962534134	-119.08361596796551	-0.3256828486275128	-0.05576834874474334	-0.6317878386955906	0.7011880634070345	0.060514505897319354	0.06051451667201208	0.043570449868918094	0.0	0.0	0.0	1.0	1.0	1.0	CosmeticsRoomAnchor[0]/ShoppingCenterAnchor[0]/mirrors2 (1)[0]/ShoppingCart[0]/Anchor[0]/FittingRoomButton (1)[0]	-50.239131036080565	16.745621962534134	-119.08361596796551	-0.3256828486275128	-0.05576834874474334	-0.6317878386955906	0.7011880634070345	0.060514505897319354	0.06051451667201208	0.043570449868918094	267467	0
button	FittingRoomButton	FittingRoomButton (2)	2	CosmeticsRoomAnchor[0]/ShoppingCenterAnchor[0]/mirrors2 (1)[0]/ShoppingCart[0]/Anchor[0]/FittingRoomButton (2)[0]	-50.39057597630907	16.747337915645186	-119.02019235102833	-0.3256828486275128	-0.05576834874474334	-0.6317878386955906	0.7011880634070345	0.060514505897319354	0.06051451667201208	0.043570449868918094	0.0	0.0	0.0	1.0	1.0	1.0	CosmeticsRoomAnchor[0]/ShoppingCenterAnchor[0]/mirrors2 (1)[0]/ShoppingCart[0]/Anchor[0]/FittingRoomButton (2)[0]	-50.39057597630907	16.747337915645186	-119.02019235102833	-0.3256828486275128	-0.05576834874474334	-0.6317878386955906	0.7011880634070345	0.060514505897319354	0.06051451667201208	0.043570449868918094	267476	0
button	FittingRoomButton	FittingRoomButton (3)	3	CosmeticsRoomAnchor[0]/ShoppingCenterAnchor[0]/mirrors2 (1)[0]/ShoppingCart[0]/Anchor[0]/FittingRoomButton (3)[0]	-50.0795467344054	16.673043740287884	-119.10271563739822	-0.3256828486275128	-0.05576834874474334	-0.6317878386955906	0.7011880634070345	0.060514505897319354	0.06051451667201208	0.043570449868918094	0.0	0.0	0.0	1.0	1.0	1.0	CosmeticsRoomAnchor[0]/ShoppingCenterAnchor[0]/mirrors2 (1)[0]/ShoppingCart[0]/Anchor[0]/FittingRoomButton (3)[0]	-50.0795467344054	16.673043740287884	-119.10271563739822	-0.3256828486275128	-0.05576834874474334	-0.6317878386955906	0.7011880634070345	0.060514505897319354	0.06051451667201208	0.043570449868918094	267473	0
button	FittingRoomButton	FittingRoomButton (4)	4	CosmeticsRoomAnchor[0]/ShoppingCenterAnchor[0]/mirrors2 (1)[0]/ShoppingCart[0]/Anchor[0]/FittingRoomButton (4)[0]	-50.22280692770609	16.67466280878925	-119.04271691306198	-0.3256828486275128	-0.05576834874474334	-0.6317878386955906	0.7011880634070345	0.060514505897319354	0.06051451667201208	0.043570449868918094	0.0	0.0	0.0	1.0	1.0	1.0	CosmeticsRoomAnchor[0]/ShoppingCenterAnchor[0]/mirrors2 (1)[0]/ShoppingCart[0]/Anchor[0]/FittingRoomButton (4)[0]	-50.22280692770609	16.67466280878925	-119.04271691306198	-0.3256828486275128	-0.05576834874474334	-0.6317878386955906	0.7011880634070345	0.060514505897319354	0.06051451667201208	0.043570449868918094	267471	0
button	FittingRoomButton	FittingRoomButton (5)	5	CosmeticsRoomAnchor[0]/ShoppingCenterAnchor[0]/mirrors2 (1)[0]/ShoppingCart[0]/Anchor[0]/FittingRoomButton (5)[0]	-50.37424793601965	16.676380709335437	-118.97929628631597	-0.3256828486275128	-0.05576834874474334	-0.6317878386955906	0.7011880634070345	0.060514505897319354	0.06051451667201208	0.043570449868918094	0.0	0.0	0.0	1.0	1.0	1.0	CosmeticsRoomAnchor[0]/ShoppingCenterAnchor[0]/mirrors2 (1)[0]/ShoppingCart[0]/Anchor[0]/FittingRoomButton (5)[0]	-50.37424793601965	16.676380709335437	-118.97929628631597	-0.3256828486275128	-0.05576834874474334	-0.6317878386955906	0.7011880634070345	0.060514505897319354	0.06051451667201208	0.043570449868918094	267468	0
button	FittingRoomButton	FittingRoomButton (6)	6	CosmeticsRoomAnchor[0]/ShoppingCenterAnchor[0]/mirrors2 (1)[0]/ShoppingCart[0]/Anchor[0]/FittingRoomButton (6)[0]	-50.06346602095143	16.603113823312576	-119.06240698560845	-0.3256828486275128	-0.05576834874474334	-0.6317878386955906	0.7011880634070345	0.060514505897319354	0.06051451667201208	0.043570449868918094	0.0	0.0	0.0	1.0	1.0	1.0	CosmeticsRoomAnchor[0]/ShoppingCenterAnchor[0]/mirrors2 (1)[0]/ShoppingCart[0]/Anchor[0]/FittingRoomButton (6)[0]	-50.06346602095143	16.603113823312576	-119.06240698560845	-0.3256828486275128	-0.05576834874474334	-0.6317878386955906	0.7011880634070345	0.060514505897319354	0.06051451667201208	0.043570449868918094	267469	0
button	FittingRoomButton	FittingRoomButton (7)	7	CosmeticsRoomAnchor[0]/ShoppingCenterAnchor[0]/mirrors2 (1)[0]/ShoppingCart[0]/Anchor[0]/FittingRoomButton (7)[0]	-50.206723736015775	16.604733393571852	-119.00240965649495	-0.3256828486275128	-0.05576834874474334	-0.6317878386955906	0.7011880634070345	0.060514505897319354	0.06051451667201208	0.043570449868918094	0.0	0.0	0.0	1.0	1.0	1.0	CosmeticsRoomAnchor[0]/ShoppingCenterAnchor[0]/mirrors2 (1)[0]/ShoppingCart[0]/Anchor[0]/FittingRoomButton (7)[0]	-50.206723736015775	16.604733393571852	-119.00240965649495	-0.3256828486275128	-0.05576834874474334	-0.6317878386955906	0.7011880634070345	0.060514505897319354	0.06051451667201208	0.043570449868918094	267475	0
button	FittingRoomButton	FittingRoomButton (8)	8	CosmeticsRoomAnchor[0]/ShoppingCenterAnchor[0]/mirrors2 (1)[0]/ShoppingCart[0]/Anchor[0]/FittingRoomButton (8)[0]	-50.35816571799978	16.606452930325414	-118.93898971812564	-0.3256828486275128	-0.05576834874474334	-0.6317878386955906	0.7011880634070345	0.060514505897319354	0.06051451667201208	0.043570449868918094	0.0	0.0	0.0	1.0	1.0	1.0	CosmeticsRoomAnchor[0]/ShoppingCenterAnchor[0]/mirrors2 (1)[0]/ShoppingCart[0]/Anchor[0]/FittingRoomButton (8)[0]	-50.35816571799978	16.606452930325414	-118.93898971812564	-0.3256828486275128	-0.05576834874474334	-0.6317878386955906	0.7011880634070345	0.060514505897319354	0.06051451667201208	0.043570449868918094	267465	0
button	FittingRoomButton	FittingRoomButton (9)	9	CosmeticsRoomAnchor[0]/ShoppingCenterAnchor[0]/mirrors2 (1)[0]/ShoppingCart[0]/Anchor[0]/FittingRoomButton (9)[0]	-50.04642326724847	16.529072719532238	-119.01973568573952	-0.3256828486275128	-0.05576834874474334	-0.6317878386955906	0.7011880634070345	0.060514505897319354	0.06051451667201208	0.043570449868918094	0.0	0.0	0.0	1.0	1.0	1.0	CosmeticsRoomAnchor[0]/ShoppingCenterAnchor[0]/mirrors2 (1)[0]/ShoppingCart[0]/Anchor[0]/FittingRoomButton (9)[0]	-50.04642326724847	16.529072719532238	-119.01973568573952	-0.3256828486275128	-0.05576834874474334	-0.6317878386955906	0.7011880634070345	0.060514505897319354	0.06051451667201208	0.043570449868918094	267474	0
button	FittingRoomButton	FittingRoomButton (10)	10	CosmeticsRoomAnchor[0]/ShoppingCenterAnchor[0]/mirrors2 (1)[0]/ShoppingCart[0]/Anchor[0]/FittingRoomButton (10)[0]	-50.18968671203922	16.530692772469042	-118.95973623884068	-0.3256828486275128	-0.05576834874474334	-0.6317878386955906	0.7011880634070345	0.060514505897319354	0.06051451667201208	0.043570449868918094	0.0	0.0	0.0	1.0	1.0	1.0	CosmeticsRoomAnchor[0]/ShoppingCenterAnchor[0]/mirrors2 (1)[0]/ShoppingCart[0]/Anchor[0]/FittingRoomButton (10)[0]	-50.18968671203922	16.530692772469042	-118.95973623884068	-0.3256828486275128	-0.05576834874474334	-0.6317878386955906	0.7011880634070345	0.060514505897319354	0.06051451667201208	0.043570449868918094	267466	0
button	FittingRoomButton	FittingRoomButton (11)	11	CosmeticsRoomAnchor[0]/ShoppingCenterAnchor[0]/mirrors2 (1)[0]/ShoppingCart[0]/Anchor[0]/FittingRoomButton (11)[0]	-50.34112197197297	16.532410205410127	-118.8963177480004	-0.3256828486275128	-0.05576834874474334	-0.6317878386955906	0.7011880634070345	0.060514505897319354	0.06051451667201208	0.043570449868918094	0.0	0.0	0.0	1.0	1.0	1.0	CosmeticsRoomAnchor[0]/ShoppingCenterAnchor[0]/mirrors2 (1)[0]/ShoppingCart[0]/Anchor[0]/FittingRoomButton (11)[0]	-50.34112197197297	16.532410205410127	-118.8963177480004	-0.3256828486275128	-0.05576834874474334	-0.6317878386955906	0.7011880634070345	0.060514505897319354	0.06051451667201208	0.043570449868918094	267472	0
button	CosmeticStand	HEADPHONES1	HEADPHONES1	CosmeticsRoomAnchor[0]/ShoppingCenterAnchor[0]/Stuff[0]/Stand1Anchor[0]/HEADPHONES1[0]	-68.83910328031152	16.45344539130748	-124.55925673693568	-0.17857278532381715	-0.4935084291231035	-0.10431809615216127	0.8447951973948059	0.08306245631409667	0.08306241821646863	0.08306247870462949	0.0	0.0	0.0	2.1947710514068604	0.9999998807907104	0.9999998807907104	cube	-68.83910328031152	16.45344539130748	-124.55925673693568	-0.17857278532381723	-0.4935084291231037	-0.10431809615216132	0.8447951973948058	0.182571275176087	0.08306241821646863	0.08306247870462949	253409	252136
button	CosmeticStand	CHEFS HAT	CHEFS HAT	CosmeticsRoomAnchor[0]/ShoppingCenterAnchor[0]/Stuff[0]/Stand1Anchor[0]/CHEFS HAT[0]	-69.27599312788142	16.453445390482944	-125.3340412476166	-0.17857278532381715	-0.4935084291231035	-0.10431809615216127	0.8447951973948059	0.08306245631409667	0.08306241821646863	0.08306247870462949	0.0	0.0	0.0	2.1947710514068604	0.9999998807907104	0.9999998807907104	cube	-69.27599312788142	16.453445390482944	-125.3340412476166	-0.17857278532381723	-0.4935084291231037	-0.10431809615216132	0.8447951973948058	0.182571275176087	0.08306241821646863	0.08306247870462949	253409	252371
button	CosmeticStand	NECK SCARF	NECK SCARF	CosmeticsRoomAnchor[0]/ShoppingCenterAnchor[0]/Stuff[0]/Stand1Anchor[0]/NECK SCARF[0]	-67.65513037386974	16.453449063041084	-126.24869802952357	-0.1032278355846041	0.8477867679480285	0.17920530796891682	0.48835137723622657	0.08306245769376108	0.08306241584388746	0.08306247904317969	0.0	0.0	0.0	2.1947710514068604	0.9999998807907104	0.9999998807907104	cube	-67.65513037386974	16.453449063041084	-126.24869802952357	-0.1032278355846041	0.8477867679480285	0.17920530796891682	0.48835137723622657	0.18257127820858932	0.08306241584388746	0.08306247904317969	253409	262163
button	CosmeticStand	FEZ	FEZ	CosmeticsRoomAnchor[0]/ShoppingCenterAnchor[0]/Stuff[0]/Stand1Anchor[0]/FEZ[0]	-67.19705889105383	16.45344810936639	-125.45891808106747	-0.1032278355846041	0.8477867679480285	0.17920530796891682	0.48835137723622657	0.08306245769376108	0.08306241584388746	0.08306247904317969	0.0	0.0	0.0	2.1947710514068604	0.9999998807907104	0.9999998807907104	cube	-67.19705889105383	16.45344810936639	-125.45891808106747	-0.1032278355846041	0.8477867679480285	0.17920530796891682	0.48835137723622657	0.18257127820858932	0.08306241584388746	0.08306247904317969	253408	262164
button	CosmeticStand	COWBOY HAT	COWBOY HAT	CosmeticsRoomAnchor[0]/ShoppingCenterAnchor[0]/Stuff[0]/Stand1Anchor[0]/COWBOY HAT[0]	-66.67351536080159	16.453448108679208	-124.57417885234395	-0.1032278355846041	0.8477867679480285	0.17920530796891682	0.48835137723622657	0.08306245769376108	0.08306241584388746	0.08306247904317969	0.0	0.0	0.0	2.1947710514068604	0.9999998807907104	0.9999998807907104	cube	-66.67351536080159	16.453448108679208	-124.57417885234395	-0.1032278355846041	0.8477867679480285	0.17920530796891682	0.48835137723622657	0.18257127820858932	0.08306241584388746	0.08306247904317969	253445	262174
button	CosmeticStand	SUNHAT	SUNHAT	CosmeticsRoomAnchor[0]/ShoppingCenterAnchor[0]/Stuff[0]/Stand1Anchor[0]/SUNHAT[0]	-65.53149887060994	16.439444353183976	-122.62508679523039	-0.10322783558460406	0.8477867679480287	0.17920530796891673	0.48835137723622646	0.0830624800455076	0.08306244564621182	0.0830624417902693	0.0	0.0	0.0	2.1947710514068604	0.9999998807907104	0.9999998807907104	cube	-65.53149887060994	16.439444353183976	-122.62508679523039	-0.10322783558460406	0.8477867679480285	0.1792053079689167	0.48835137723622646	0.18257132733772713	0.08306244564621182	0.0830624417902693	253438	262165
button	CosmeticStand	BASIC BEANIE	BASIC BEANIE	CosmeticsRoomAnchor[0]/ShoppingCenterAnchor[0]/Stuff[0]/Stand1Anchor[0]/BASIC BEANIE[0]	-66.14269943327422	16.453448108678902	-123.65897599709176	-0.1032278355846041	0.8477867679480285	0.17920530796891682	0.48835137723622657	0.08306245769376108	0.08306241584388746	0.08306247904317969	0.0	0.0	0.0	2.1947710514068604	0.9999998807907104	0.9999998807907104	cube	-66.14269943327422	16.453448108678902	-123.65897599709176	-0.1032278355846041	0.8477867679480285	0.17920530796891682	0.48835137723622657	0.18257127820858932	0.08306241584388746	0.08306247904317969	253443	262172
button	CosmeticStand	PARTY HAT	PARTY HAT	CosmeticsRoomAnchor[0]/ShoppingCenterAnchor[0]/Stuff[0]/Stand2Anchor[0]/PARTY HAT[0]	-64.9885177677758	16.41344693595862	-128.3009818771294	-0.18509018692749016	-0.4876227546083425	-0.10661774497476996	0.8465213100376233	0.08306237779989649	0.08306237966471933	0.0830623848946427	0.0	0.0	0.0	2.1947710514068604	0.9999998807907104	0.9999998807907104	cube	-64.9885177677758	16.41344693595862	-128.3009818771294	-0.18509018692749016	-0.4876227546083425	-0.10661774497476996	0.8465213100376233	0.18257110260187856	0.08306237966471933	0.0830623848946427	253427	262190
button	CosmeticStand	BASIC SCARF	BASIC SCARF	CosmeticsRoomAnchor[0]/ShoppingCenterAnchor[0]/Stuff[0]/Stand2Anchor[0]/BASIC SCARF[0]	-64.58498443253339	16.41344693908959	-127.52352044383572	-0.18509018692749016	-0.4876227546083425	-0.10661774497476996	0.8465213100376233	0.08306237779989649	0.08306237966471933	0.0830623848946427	0.0	0.0	0.0	2.1947710514068604	0.9999998807907104	0.9999998807907104	cube	-64.58498443253339	16.41344693908959	-127.52352044383572	-0.18509018692749016	-0.4876227546083425	-0.10661774497476996	0.8465213100376233	0.18257110260187856	0.08306237966471933	0.0830623848946427	253439	262178
button	CosmeticStand	SWEATBAND	SWEATBAND	CosmeticsRoomAnchor[0]/ShoppingCenterAnchor[0]/Stuff[0]/Stand2Anchor[0]/SWEATBAND[0]	-63.932912286373046	16.41344502860967	-126.48095519281763	-0.18509018692749016	-0.4876227546083425	-0.10661774497476996	0.8465213100376233	0.08306237779989649	0.08306237966471933	0.0830623848946427	0.0	0.0	0.0	2.1947710514068604	0.9999998807907104	0.9999998807907104	CosmeticsRoomAnchor[0]/ShoppingCenterAnchor[0]/Stuff[0]/Stand2Anchor[0]/SWEATBAND[0]/CosmeticsButton[0]	-63.932912286373046	16.41344502860967	-126.48095519281763	-0.18509018692749016	-0.4876227546083425	-0.10661774497476996	0.8465213100376233	0.18257110260187856	0.08306237966471933	0.0830623848946427	253404	262159
button	CosmeticStand	BASEBALL CAP	BASEBALL CAP	CosmeticsRoomAnchor[0]/ShoppingCenterAnchor[0]/Stuff[0]/Stand2Anchor[0]/BASEBALL CAP[0]	-63.40820845302624	16.413445031053833	-125.512499499975	-0.18509018692749016	-0.4876227546083425	-0.10661774497476996	0.8465213100376233	0.08306237779989649	0.08306237966471933	0.0830623848946427	0.0	0.0	0.0	2.1947710514068604	0.9999998807907104	0.9999998807907104	CosmeticsRoomAnchor[0]/ShoppingCenterAnchor[0]/Stuff[0]/Stand2Anchor[0]/BASEBALL CAP[0]/CosmeticsButton[0]	-63.40820845302624	16.413445031053833	-125.512499499975	-0.18509018692749016	-0.4876227546083425	-0.10661774497476996	0.8465213100376233	0.18257110260187856	0.08306237966471933	0.0830623848946427	253410	262162
button	CosmeticStand	USHANKA	USHANKA	CosmeticsRoomAnchor[0]/ShoppingCenterAnchor[0]/Stuff[0]/Stand2Anchor[0]/USHANKA[0]	-62.8955243871138	16.413445029908083	-124.65845043910173	-0.18509018692749016	-0.4876227546083425	-0.10661774497476996	0.8465213100376233	0.08306237779989649	0.08306237966471933	0.0830623848946427	0.0	0.0	0.0	2.1947710514068604	0.9999998807907104	0.9999998807907104	CosmeticsRoomAnchor[0]/ShoppingCenterAnchor[0]/Stuff[0]/Stand2Anchor[0]/USHANKA[0]/CosmeticsButton[0]	-62.8955243871138	16.413445029908083	-124.65845043910173	-0.18509018692749016	-0.4876227546083425	-0.10661774497476996	0.8465213100376233	0.18257110260187856	0.08306237966471933	0.0830623848946427	253413	262149
button	CosmeticStand	BOWTIE	BOWTIE	CosmeticsRoomAnchor[0]/ShoppingCenterAnchor[0]/Stuff[0]/Stand3Anchor[0]/BOWTIE[0]	-64.74136937645389	16.415445702656424	-119.90543215097401	0.05326283183461752	0.9451533691182166	0.19799521481877738	-0.25425592323151053	0.08306245752335116	0.08306241760512825	0.08306244968600561	0.0	0.0	0.0	2.1947710514068604	0.9999998807907104	0.9999998807907104	CosmeticsRoomAnchor[0]/ShoppingCenterAnchor[0]/Stuff[0]/Stand3Anchor[0]/BOWTIE[0]/CosmeticsButton[0]	-64.74136937645389	16.415445702656424	-119.90543215097401	0.05326283183461752	0.9451533691182166	0.19799521481877738	-0.25425592323151053	0.1825712778340283	0.08306241760512825	0.08306244968600561	253430	262188
button	CosmeticStand	TOP HAT	TOP HAT	CosmeticsRoomAnchor[0]/ShoppingCenterAnchor[0]/Stuff[0]/Stand3Anchor[0]/TOP HAT[0]	-65.47664599244935	16.41544579290939	-119.4789793784904	0.05326283183461752	0.9451533691182166	0.19799521481877738	-0.25425592323151053	0.08306245752335116	0.08306241760512825	0.08306244968600561	0.0	0.0	0.0	2.1947710514068604	0.9999998807907104	0.9999998807907104	CosmeticsRoomAnchor[0]/ShoppingCenterAnchor[0]/Stuff[0]/Stand3Anchor[0]/TOP HAT[0]/CosmeticsButton[0]	-65.47664599244935	16.41544579290939	-119.4789793784904	0.05326283183461752	0.9451533691182166	0.19799521481877738	-0.25425592323151053	0.1825712778340283	0.08306241760512825	0.08306244968600561	253416	262153
button	CosmeticStand	FLOWER CROWN	FLOWER CROWN	CosmeticsRoomAnchor[0]/ShoppingCenterAnchor[0]/Stuff[0]/Stand3Anchor[0]/FLOWER CROWN[0]	-63.81970621274531	16.451444889569274	-120.45502437044024	0.05372429341664147	0.9447923771338727	0.1997103252418356	-0.2541591044963939	0.08306246595445133	0.0830624111164164	0.0830624398114403	0.0	0.0	0.0	2.1947710514068604	0.9999998807907104	0.9999998807907104	CosmeticsRoomAnchor[0]/ShoppingCenterAnchor[0]/Stuff[0]/Stand3Anchor[0]/FLOWER CROWN[0]/CosmeticsButton[0]	-63.81970621274531	16.451444889569274	-120.45502437044024	0.05372429341664147	0.9447923771338727	0.1997103252418356	-0.2541591044963939	0.18257129636558608	0.0830624111164164	0.0830624398114403	253405	262160
button	CosmeticStand	WHITE FEDORA	WHITE FEDORA	CosmeticsRoomAnchor[0]/ShoppingCenterAnchor[0]/Stuff[0]/Stand3Anchor[0]/WHITE FEDORA[0]	-62.00660361113223	16.451444667016034	-121.50661268518701	0.05372429341664147	0.9447923771338727	0.1997103252418356	-0.2541591044963939	0.08306246595445133	0.0830624111164164	0.0830624398114403	0.0	0.0	0.0	2.1947710514068604	0.9999998807907104	0.9999998807907104	CosmeticsRoomAnchor[0]/ShoppingCenterAnchor[0]/Stuff[0]/Stand3Anchor[0]/WHITE FEDORA[0]/CosmeticsButton[0]	-62.00660361113223	16.451444667016034	-121.50661268518701	0.05372429341664147	0.9447923771338727	0.1997103252418356	-0.2541591044963939	0.18257129636558608	0.0830624111164164	0.0830624398114403	253411	262161
button	CosmeticStand	CLOCHE	CLOCHE	CosmeticsRoomAnchor[0]/ShoppingCenterAnchor[0]/Stuff[0]/Stand3Anchor[0]/CLOCHE[0]	-62.774754955800184	16.451444761304515	-121.06108839814357	0.05372429341664147	0.9447923771338727	0.1997103252418356	-0.2541591044963939	0.08306246595445133	0.0830624111164164	0.0830624398114403	0.0	0.0	0.0	2.1947710514068604	0.9999998807907104	0.9999998807907104	CosmeticsRoomAnchor[0]/ShoppingCenterAnchor[0]/Stuff[0]/Stand3Anchor[0]/CLOCHE[0]/CosmeticsButton[0]	-62.774754955800184	16.451444761304515	-121.06108839814357	0.05372429341664147	0.9447923771338727	0.1997103252418356	-0.2541591044963939	0.18257129636558608	0.0830624111164164	0.0830624398114403	253437	262166
button	CosmeticStand	LMABP.	LMABP.	CosmeticsRoomAnchor[0]/ShoppingCenterAnchor[0]/Stuff[0]/Stand3Anchor[0]/Permanent Items Release2022[0]/LMABP.[0]	-60.88953792203153	16.41544533633337	-120.1407078715335	-0.19799594976454732	0.2542533919835351	0.05326173483742131	0.9451539579051711	0.08306245618324956	0.08306242079600856	0.08306244435284259	0.16848281025886536	-0.5309662222862244	1.1456224918365479	2.2526328563690186	1.0762572288513184	1.0963459014892578	cube	-60.823619245150375	16.41512375459397	-120.05370707895027	-0.19799594976454732	0.2542533919835351	0.05326173483742131	0.9451539579051711	0.18257127488848504	0.08306242079600856	0.08306244435284259	264969	264968
button	CosmeticStand	LHACV.	LHACV.	CosmeticsRoomAnchor[0]/ShoppingCenterAnchor[0]/Stuff[0]/Stand3Anchor[0]/Permanent Items Release2022[0]/LHACV.[0]	-61.40995967432	16.415445400891066	-119.8261507826885	-0.19799594976454732	0.2542533919835351	0.05326173483742131	0.9451539579051711	0.08306245618324956	0.08306242079600856	0.08306244435284259	-0.04553684592247009	-0.450168251991272	1.0151915550231934	2.2858452796936035	1.0301188230514526	1.0240776538848877	cube	-61.36874212852097	16.415308508899546	-119.74515065801587	-0.19799594976454732	0.2542533919835351	0.05326173483742131	0.9451539579051711	0.18257127488848504	0.08306242079600856	0.08306244435284259	262851	262852
button	CosmeticStand	LBACA.	LBACA.	CosmeticsRoomAnchor[0]/ShoppingCenterAnchor[0]/Stuff[0]/Stand3Anchor[0]/Permanent Items Release2022[0]/LBACA.[0]	-61.93392817601187	16.575440348836413	-119.50375650349766	-0.19799594976454732	0.2542533919835351	0.05326173483742131	0.9451539579051711	0.08306245618324956	0.08306242079600856	0.08306244435284259	-0.13595063984394073	-2.2605631351470947	0.06356391310691833	2.1932027339935303	0.9969218969345093	1.0378756523132324	cube	-61.90313377000024	16.406169602831113	-119.42748263458869	-0.19799594976454732	0.2542533919835351	0.05326173483742131	0.9451539579051711	0.18257127488848504	0.08306242079600856	0.08306244435284259	267354	267355
button	CosmeticStand	LHACY.	LHACY.	CosmeticsRoomAnchor[0]/ShoppingCenterAnchor[0]/Stuff[0]/Stand3Anchor[0]/Permanent Items Release2022[0]/LHACY.[0]	-62.88005106719774	16.41544558829954	-118.84287771814317	-0.19799594976454732	0.2542533919835351	0.05326173483742131	0.9451539579051711	0.08306245618324956	0.08306242079600856	0.08306244435284259	0.0	0.0	0.0	2.1947710514068604	0.9999998807907104	0.9999998807907104	cube	-62.88005106719774	16.41544558829954	-118.84287771814317	-0.19799594976454732	0.2542533919835351	0.05326173483742131	0.9451539579051711	0.18257127488848504	0.08306242079600856	0.08306244435284259	264158	264157
button	CosmeticStand	LHACZ.	LHACZ.	CosmeticsRoomAnchor[0]/ShoppingCenterAnchor[0]/Stuff[0]/Stand3Anchor[0]/Permanent Items Release2022[0]/LHACZ.[0]	-63.59507082862127	16.41544567600458	-118.42932744117566	-0.19799594976454732	0.2542533919835351	0.05326173483742131	0.9451539579051711	0.08306245618324956	0.08306242079600856	0.08306244435284259	0.0	0.0	0.0	2.1947710514068604	0.9999998807907104	0.9999998807907104	cube	-63.59507082862127	16.41544567600458	-118.42932744117566	-0.19799594976454732	0.2542533919835351	0.05326173483742131	0.9451539579051711	0.18257127488848504	0.08306242079600856	0.08306244435284259	253105	253106
button	CosmeticStand	LBACD.	LBACD.	CosmeticsRoomAnchor[0]/ShoppingCenterAnchor[0]/Stuff[0]/Stand3Anchor[0]/Permanent Items Release2022[0]/LBACD.[0]	-64.39910261039232	16.621440664300135	-117.96993096944374	-0.19799594976454732	0.2542533919835351	0.05326173483742131	0.9451539579051711	0.08306245618324956	0.08306242079600856	0.08306244435284259	-4.594460733642336e-06	-1.9476637840270996	-0.8499959707260132	2.1947710514068604	0.9982450008392334	0.9999999403953552	cube	-64.39909864134884	16.44551099692391	-117.96992370969784	-0.19799594976454732	0.2542533919835351	0.05326173483742131	0.9451539579051711	0.18257127488848504	0.08306242079600856	0.08306244435284259	259643	259642
button	CosmeticStand	TREE PIN	TREE PIN	CosmeticsRoomAnchor[0]/ShoppingCenterAnchor[0]/Stuff[0]/Pins[0]/TREE PIN[0]	-65.02061761019982	16.625440223197803	-125.4026705833031	-0.010404460019795862	0.49896836982504195	-0.003740293953505554	0.8665496658166675	0.08025897912713964	0.08861089013619394	0.0837001877235783	0.0	0.0	0.0	2.1947710514068604	0.9999998807907104	0.9999998807907104	cube	-65.02061761019982	16.625440223197803	-125.4026705833031	-0.010404460019795862	0.49896836982504195	-0.003740293953505555	0.8665496658166675	0.1764092324474884	0.08861089013619394	0.0837001877235783	253431	262187
button	CosmeticStand	CRYSTALS PIN	CRYSTALS PIN	CosmeticsRoomAnchor[0]/ShoppingCenterAnchor[0]/Stuff[0]/Pins[0]/CRYSTALS PIN[0]	-65.12623238132657	16.490440231214862	-125.35534711351072	-0.010460484043148368	-0.1518566091057021	0.0035806690176999442	0.9883406939683738	0.08025897179259997	0.0886108870683656	0.08370019108557519	0.0	0.0	0.0	2.1947710514068604	0.9999998807907104	0.9999998807907104	cube	-65.12623238132657	16.490440231214862	-125.35534711351072	-0.010460484043148368	-0.1518566091057021	0.0035806690176999442	0.9883406939683738	0.17640921632617057	0.0886108870683656	0.08370019108557519	253424	262181
button	CosmeticStand	CANYON PIN	CANYON PIN	CosmeticsRoomAnchor[0]/ShoppingCenterAnchor[0]/Stuff[0]/Pins[0]/CANYON PIN[0]	-65.19633942212565	16.63344024943452	-125.45999452845221	-0.005740453803496784	-0.7495969712904315	0.009449251445167901	0.6618021905898077	0.08025899117559339	0.08861089084065883	0.08370018895589128	0.0	0.0	0.0	2.1947710514068604	0.9999998807907104	0.9999998807907104	cube	-65.19633942212565	16.63344024943452	-125.45999452845221	-0.005740453803496784	-0.7495969712904315	0.009449251445167901	0.6618021905898077	0.1764092589299892	0.08861089084065883	0.08370018895589128	253436	262167
button	CosmeticStand	CITY PIN	CITY PIN	CosmeticsRoomAnchor[0]/ShoppingCenterAnchor[0]/Stuff[0]/Pins[0]/CITY PIN[0]	-65.09101844413829	16.486740203859195	-125.53325501076098	-0.0024957522992223803	0.9986721045539809	-0.010770972350289044	0.05031684569617721	0.08025899726788774	0.08861089429722634	0.08370019803092787	0.0	0.0	0.0	2.1947710514068604	0.9999998807907104	0.9999998807907104	cube	-65.09101844413829	16.486740203859195	-125.53325501076098	-0.00249575229922238	0.9986721045539808	-0.010770972350289041	0.050316845696177205	0.1764092723208519	0.08861089429722634	0.08370019803092787	253432	262186
button	CosmeticStand	GORILLA PIN	GORILLA PIN	CosmeticsRoomAnchor[0]/ShoppingCenterAnchor[0]/Stuff[0]/Pins[0]/GORILLA PIN[0]	-65.07918855168789	16.867440231381615	-125.34935597671073	-0.011048212716838625	0.138743892775357	0.000421686288178723	0.9902665759248759	0.08025897286525696	0.08861088962289378	0.08370019103153166	0.0	0.0	0.0	2.1947710514068604	0.9999998807907104	0.9999998807907104	cube	-65.07918855168789	16.867440231381615	-125.34935597671073	-0.011048212716838625	0.138743892775357	0.00042168628817872313	0.9902665759248759	0.1764092186838706	0.08861088962289378	0.08370019103153166	253429	262189
button	CosmeticStand	MOUNTAIN PIN	MOUNTAIN PIN	CosmeticsRoomAnchor[0]/ShoppingCenterAnchor[0]/Stuff[0]/Pins[0]/MOUNTAIN PIN[0]	-65.12829719158245	16.860440257446523	-125.53627213126082	0.0002311153693139913	0.9803516893925341	-0.011053905495423759	-0.1969475129677667	0.08025900539603634	0.08861089669645668	0.08370019767739585	0.0	0.0	0.0	2.1947710514068604	0.9999998807907104	0.9999998807907104	cube	-65.12829719158245	16.860440257446523	-125.53627213126082	0.00023111536931399152	0.9803516893925341	-0.011053905495423759	-0.1969475129677667	0.17640929018652216	0.08861089669645668	0.08370019767739585	252283	252292
button	CosmeticStand	AVIATORS	AVIATORS	CosmeticsRoomAnchor[0]/ShoppingCenterAnchor[0]/Stuff[0]/Glasses[0]/AVIATORS[0]	-60.46250883640629	16.489440302776753	-115.00312347999451	-0.01040458067843086	0.49896836607715206	-0.0037402738369826153	0.8665496666128419	0.0802589735002177	0.0886108930376013	0.08370018865299374	0.0	0.0	0.0	2.1947710514068604	0.9999998807907104	0.9999998807907104	cube	-60.46250883640629	16.489440302776753	-115.00312347999451	-0.01040458067843086	0.49896836607715206	-0.0037402738369826153	0.8665496666128419	0.17640922007951426	0.0886108930376013	0.08370018865299374	253433	262169
button	CosmeticStand	TORTOISESHELL SUNGLASSES	TORTOISESHELL SUNGLASSES	CosmeticsRoomAnchor[0]/ShoppingCenterAnchor[0]/Stuff[0]/Glasses[0]/TORTOISESHELL SUNGLASSES[0]	-60.62491572206528	16.64444032795908	-114.96602891115053	0.005637572283524922	-0.4220174509554212	-0.005193029120785588	0.9065553051614598	0.08027738009761119	0.08860802512775108	0.08366044447763103	0.0	0.0	0.0	2.1947710514068604	0.9999998807907104	0.9999998807907104	cube	-60.62491572206528	16.64444032795908	-114.96602891115053	0.005637572283524922	-0.4220174509554212	-0.005193029120785588	0.9065553051614598	0.17644967777974258	0.08860802512775108	0.08366044447763103	253428	262191
button	CosmeticStand	GOLDEN HEAD	GOLDEN HEAD	CosmeticsRoomAnchor[0]/ShoppingCenterAnchor[0]/Stuff[0]/GOLDEN HEAD[0]	-57.25506660833643	24.852442647889678	-122.63827046959355	-0.19971045302450666	0.2541590176479557	0.053724201339506616	0.9447923787221215	0.08306244532331701	0.08306240994762334	0.08306246164142582	0.0	0.0	0.0	2.1947710514068604	0.9999998807907104	0.9999998807907104	cube	-57.25506660833643	24.852442647889678	-122.63827046959355	-0.19971045302450666	0.2541590176479557	0.053724201339506616	0.9447923787221215	0.1825712510183538	0.08306240994762334	0.08306246164142582	253409	251751
